,Compound - Canonicalized,Compound Complexity,Count - Hydrogen Bond Acceptor,Count - Hydrogen Bond Donor,Count - Rotatable Bond,Fingerprint - SubStructure Keys,IUPAC Name - Allowed,IUPAC Name - CAS-like Style,IUPAC Name - Markup,IUPAC Name - Preferred,IUPAC Name - Systematic,IUPAC Name - Traditional,InChI - Standard,InChIKey - Standard,Mass - Exact,Molecular Formula,Molecular Weight,SMILES - Absolute,SMILES - Connectivity,Topological - Polar Surface Area,Weight - MonoIsotopic,Count - Heavy Atom,Count - Atom Chiral,Count - Atom Chiral Def,Count - Atom Chiral Undef,Count - Bond Chiral,Count - Bond Chiral Def,Count - Bond Chiral Undef,Count - Isotope Atom,Count - Covalent Unit,Count - Tautomers,cid
0,1,13.5,1,0,0,00000371084000000400000000000000000000000000000000000000000000000000000000000018020000000000038000400000000000008000000200000000000000000800000000000000000000000000000000000000000000000000000000000000000000000000000000000000000000,lithium chloroethylene,lithium chloroethene,lithium chloroethene,lithium chloroethene,lithium chloranylethene,lithium chloroethylene,InChI=1S/C2H2Cl.Li/c1-2-3;/h1-2H;/q-1;+1,QXRLWRULMWCDNG-UHFFFAOYSA-N,68.0005062,C2H2ClLi,68.5,[Li+].[CH-]=CCl,[Li+].[CH-]=CCl,0,68.0005062,4,0,0,0,0,0,0,0,2,-1,135046281
1,1,13.5,2,1,0,0000037108402000000000000000000000000000000000000000000000000000000000000000001A00000800000000A080020000000002008000000200000000000000000800000000000010000000000000000000000000000000000000000000000000000000000000000000000000000000,lithium ethenol,lithium ethenol,lithium ethenol,lithium ethenol,lithium ethenol,lithium ethenol,InChI=1S/C2H3O.Li/c1-2-3;/h1-3H;/q-1;+1,CBTVJFOZMGZEBW-UHFFFAOYSA-N,50.03439315,C2H3LiO,50.0,[Li+].[CH-]=CO,[Li+].[CH-]=CO,20.2,50.03439315,4,0,0,0,0,0,0,0,2,-1,71368517
2,1,31,2,0,0,00000371000220200000000000000000000000000000000000000000000000000000000000000006000000000000000000000000000000002800000010000000000000000000000000000000000000000000000000000000000000000000000000000000000000000000000000000000000000,sodium isocyanate,sodium isocyanate,sodium isocyanate,sodium isocyanate,sodium isocyanate,sodium isocyanate,InChI=1S/CNO.Na/c2-1-3;/q-1;+1,RVZHUQPIBHMAEX-UHFFFAOYSA-N,64.98775791,CNNaO,65.007,C(=[N-])=O.[Na+],C(=[N-])=O.[Na+],18.1,64.98775791,4,0,0,0,0,0,0,0,2,-1,11051568
3,1,7.5,3,0,0,00000371000230000040000000000000000000000000000000000000000000000000000000000000000400000000000000000000000040000100000001000000000000000000000000000000000000000000000000000000000000000000000000000000000000000000000000000000000000,,,,,,,"InChI=1S/K.HNO2/c;2-1-3/h;(H,2,3)/p-1",LEMJDBDGPTVGML-UHFFFAOYSA-M,84.95660973,KNO2-,85.104,N(=O)[O-].[K],N(=O)[O-].[K],52.5,84.95660973,4,0,0,0,0,0,0,0,2,-1,23618828
4,1,8,2,1,0,00000371800220200000000000000000000000000000000000000000000000000000000000000014000408000000000000040200001000000000000000000000000000000000000000000000000000000000000000000000000000000000000000000000000000000000000000000000000000,sodium hydroxy(methyl)azanide,sodium hydroxy(methyl)azanide,sodium hydroxy(methyl)azanide,sodium hydroxy(methyl)azanide,sodium methyl(oxidanyl)azanide,sodium hydroxy(methyl)azanide,"InChI=1S/CH4NO.Na/c1-2-3;/h3H,1H3;/q-1;+1",GTKXUXVZUABHOW-UHFFFAOYSA-N,69.01905803,CH4NNaO,69.039,C[N-]O.[Na+],C[N-]O.[Na+],21.2,69.01905803,4,0,0,0,0,0,0,0,2,-1,140584049
5,1,13.5,2,0,0,00000371000030000002000000000800000000000000000000000000000000000000000000000000000000000000000000000000000000000000000000000000000000000000000000000000000000000000000000000000000000000000000000000000000000000000000000000000000000,cesium iodite,cesium iodite,cesium iodite,cesium iodite,cesium iodite,cesium iodite,"InChI=1S/Cs.HIO2/c;2-1-3/h;(H,2,3)/q+1;/p-1",ANTATUOZWOKGRP-UHFFFAOYSA-M,291.79975,CsIO2,291.809,[O-]I=O.[Cs+],[O-]I=O.[Cs+],40.1,291.79975,4,0,0,0,0,0,0,0,2,-1,157173515
6,1,3.2,1,0,0,00000371000000000043000000000000000000000000000000000000000000000000000000000000000000000000000000000000000000000000000000000000000000000000000000000000000000000000000000000000000000000000000000000000000000000000000000000000000000,potassium triiodide,potassium triiodide,potassium triiodide,potassium triiodide,potassium triiodide,potassium triiodide,InChI=1S/I3.K/c1-3-2;/q-1;+1,DKNPRRRKHAEUMW-UHFFFAOYSA-N,419.6771,I3K,419.8117,[K+].I[I-]I,[K+].I[I-]I,0,419.6771,4,0,0,0,0,0,0,0,2,-1,105053
7,1,15.5,3,1,0,00000371000220000000000008000000000000000000000000000000000000000000000000000014000408000000000000040000001000002000000100000000000000000000000000000000000000000000000000000000000000000000000000000000000000000000000000000000000000,methanone oxime;rubidium(1+),methanone oxime;rubidium(1+),<I>N</I>-methanidylidenehydroxylamine;rubidium(1+),N-methanidylidenehydroxylamine;rubidium(1+),N-methanidylidenehydroxylamine;rubidium(1+),methanone oxime;rubidium(1+),"InChI=1S/CH2NO.Rb/c1-2-3;/h1,3H;/q-1;+1",WUFVVBISLDKFDZ-UHFFFAOYSA-N,128.92542842,CH2NORb,129.501,[CH-]=NO.[Rb+],[CH-]=NO.[Rb+],32.6,128.92542842,4,0,0,0,0,0,0,0,2,-1,58619450
8,1,13.5,2,0,0,00000371000030000040000000000000000000000000000000000000000000000000000000000002000000000000000000000008000000000800000008000000000000000000000000000000000000000000000000000000000000000000000000000000000000000000000000000000000000,,,,,,,"InChI=1S/CHO2.K/c2-1-3;/h(H,2,3);/q;+1/p-1",ZGUNNOCFBFKQFP-UHFFFAOYSA-M,82.95353572,CKO2,83.108,[C](=O)[O-].[K+],[C](=O)[O-].[K+],40.1,82.95353572,4,0,0,0,0,0,0,0,2,-1,101218269
9,1,6,1,0,0,00000371804000200400000000000000000000000000000000000000000000000000000000000018020000000000038000400000000000000000000000000000000000000000000000000000000000000000000000000000000000000000000000000000000000000000000000000000000000,sodium chloroethane,sodium chloroethane,sodium chloroethane,sodium chloroethane,sodium chloranylethane,sodium chloroethane,InChI=1S/C2H4Cl.Na/c1-2-3;/h1-2H2;/q-1;+1,UBVJFXLUJYNJTQ-UHFFFAOYSA-N,85.9899221,C2H4ClNa,86.49,[CH2-]CCl.[Na+],[CH2-]CCl.[Na+],0,85.9899221,4,0,0,0,0,0,0,0,2,-1,140816890
10,1,29.8,1,0,0,00000371084000000000000000000000000000000000000000000000000000000000000000000018000000000008008000000000000000004010000000000000000000000000000000000000000000000000000000000000000000000000000000000000000000000000000000000000000000,,,,,,,InChI=1S/C3H.Li/c1-3-2;/h1H;/q-1;+1,VKCCTPVVGLLIEU-UHFFFAOYSA-N,44.02382847,C3HLi,44.0,[Li+].[CH]C#[C-],[Li+].[CH]C#[C-],0,44.02382847,4,0,0,0,0,0,0,0,2,-1,162454502
11,1,10.8,1,0,0,00000371004000000040000000000000000000000000000000000000000000000000000000000018000000000000008000000000000000004008000000000000000000000000000000000000000000000000000000000000000000000000000000000000000000000000000000000000000000,potassium acetylene,potassium ethyne,potassium ethyne,potassium ethyne,potassium ethyne,potassium acetylene,InChI=1S/C2H.K/c1-2;/h1H;/q-1;+1,CRKHPDAAPWRSRN-UHFFFAOYSA-N,63.97153152,C2HK,64.13,C#[C-].[K+],C#[C-].[K+],0,63.97153152,3,0,0,0,0,0,0,0,2,-1,10964394
12,1,8,2,0,0,00000371020201000040000000000000000000000000000000000000000000000000000000001000000200000000000000000000000000000000000000000000000000000000000000000000000000000000000000000000000000000000000000000000000000000000000000000000000000,,,,,,,InChI=1S/BFN.K/c1-3-2;/q-1;+1,QNGKAOFRXIJBJW-UHFFFAOYSA-N,82.9744888,BFKN,82.92,[B][N-]F.[K+],[B][N-]F.[K+],1,82.9744888,4,0,0,0,0,0,0,0,2,-1,58114169
13,1,4.8,1,0,0,00000371020000200000000000000000000000000000000000000000000000000000000000002010000000000000000000000200000000000000000000000000000000000000000000000000000000000000000000000000000000000000000000000000000000000000000000000000000000,,,,,,,InChI=1S/CH3B.Na/c1-2;/h1H3;/q-1;+1,VRXGUXQBUBZKDX-UHFFFAOYSA-N,49.0225495,CH3BNa,48.84,[B-]C.[Na+],[B-]C.[Na+],0,49.0225495,3,0,0,0,0,0,0,0,2,-1,57847394
14,1,3.2,1,0,0,00000371804000000000000008000000000000000000000000000000000000000000000000000018000000000008008000000200000000000000000000000000000000000000000000000000000000000000000000000000000000000000000000000000000000000000000000000000000000,,,,,,,"InChI=1S/C3H6.Rb/c1-3-2;/h3H,1H2,2H3;/q-1;+1",OHXHQEUMQSMNHY-UHFFFAOYSA-N,126.95873993,C3H6Rb,127.55,C[CH][CH2-].[Rb+],C[CH][CH2-].[Rb+],0,126.95873993,4,0,0,0,0,0,0,0,2,-1,58825830
15,1,13.5,2,1,0,0000037188420000000000000000000000000000000000000000000000000000000000000000001C00100000000000C100040000004000008000000640000000000002000800800000000000000000000000000000000000000000000000000000000000000000000000000000000000000000,lithium ethenamine,lithium ethenamine,lithium ethenamine,lithium ethenamine,lithium ethenamine,lithium vinylamine,"InChI=1S/C2H4N.Li/c1-2-3;/h1-2H,3H2;/q-1;+1",ZGBPFOSCSMIEOV-UHFFFAOYSA-N,49.05037757,C2H4LiN,49.0,[Li+].[CH-]=CN,[Li+].[CH-]=CN,26,49.05037757,4,0,0,0,0,0,0,0,2,-1,71417849
16,1,15.5,1,0,0,000003710A4000000000000000000000000012000000000000000000000000000000000000002018000000000000008000000000000000000000000000000000000000000000000000000000000000000000000000000000000000000000000000000000000000000000000000000000000000,,,,,,,"InChI=1S/C2H3B.Li/c1-2-3-1;/h1H,2H2;/q-1;+1",QZGCZKUXYOMWRD-UHFFFAOYSA-N,45.0487837,C2H3BLi,44.8,[Li+].[B]1C[CH-]1,[Li+].[B]1C[CH-]1,0,45.0487837,4,0,0,0,0,0,0,0,2,-1,129657743
17,1,15.5,2,0,0,00000371000300000040000000000000000000000000000000000000000000000000000000000000000800000000000000000000000000000200000000000000000000000000000000000000000000000000000000000000000000000000000000000000000000000000000000000000000000,potassium azide,potassium azide,potassium azide,potassium azide,potassium azide,potassium azide,InChI=1S/K.N3/c;1-3-2/q+1;-1,TZLVRPLSVNESQC-UHFFFAOYSA-N,80.97292850,KN3,81.119,[N-]=[N+]=[N-].[K+],[N-]=[N+]=[N-].[K+],3,80.97292850,4,0,0,0,0,0,0,0,2,-1,10290740
18,1,8,2,1,0,00000371000220200002000000000000000000000000000000000000000000000000000000000000000408000000000000000000000000000000000000000000000000000000000000000000000000000000000000000000000000000000000000000000000000000000000000000000000000,sodium hydroxy(iodo)azanide,sodium hydroxy(iodo)azanide,sodium hydroxy(iodo)azanide,sodium hydroxy(iodo)azanide,sodium iodanyl(oxidanyl)azanide,sodium hydroxy(iodo)azanide,InChI=1S/HINO.Na/c1-2-3;/h3H;/q-1;+1,WQFOKLXEHIRJGC-UHFFFAOYSA-N,180.90006,HINNaO,180.908,[N-](O)I.[Na+],[N-](O)I.[Na+],21.2,180.90006,4,0,0,0,0,0,0,0,2,-1,59783154
19,1,6,2,1,0,000003710B0020000000000000000000000000000000000000000000000000000000000000004800000008000000000000000000000000000000000000000000000000000000000000000000000000000000000000000000000000000000000000000000000000000000000000000000000000,,,,,,,InChI=1S/B2HO.Li/c1-2-3;/h3H;/q-1;+1,RACLXFULXONJGF-UHFFFAOYSA-N,46.0373534,B2HLiO,45.6,[Li+].[B][B-]O,[Li+].[B][B-]O,20.2,46.0373534,4,0,0,0,0,0,0,0,2,-1,156621432
20,1,13.5,2,1,0,0000037180420000000000000800000000000000000000000000000000000000000000000000001C001000000000008100000200004000002000002000000000000000000000001000000000000000000000000000000000000000000000000000000000000000000000000000000000000000,ethanimine;rubidium(1+),ethanimine;rubidium(1+),ethanimine;rubidium(1+),ethanimine;rubidium(1+),ethanimine;rubidium(1+),ethylideneamine;rubidium(1+),"InChI=1S/C2H4N.Rb/c1-2-3;/h3H,1H3;/q-1;+1",BZMCBQOWXNZXAE-UHFFFAOYSA-N,126.94616387,C2H4NRb,127.53,C[C-]=N.[Rb+],C[C-]=N.[Rb+],23.9,126.94616387,4,0,0,0,0,0,0,0,2,-1,59673869
21,1,32.5,2,1,0,0000037108420000000000000000000000000000000000000000000000000000000000000000000C001000000000000100000000004000004000000000000000000000000000000000000000000000000000000000000000000000000000000000000000000000000000000000000000000000,lithium ethynamine,lithium ethynamine,lithium ethynamine,lithium ethynamine,lithium ethynamine,lithium ethynylamine,InChI=1S/C2H2N.Li/c1-2-3;/h3H2;/q-1;+1,AVBMXPSAZTWPHI-UHFFFAOYSA-N,47.03472750,C2H2LiN,47.0,[Li+].[C-]#CN,[Li+].[C-]#CN,26,47.03472750,4,0,0,0,0,0,0,0,2,-1,86144840
22,1,2.8,3,2,0,00000371880300000000000000000000000000000000000000000000000000000000000000000004001000000000000000000100004000000000000000000000000000000000000000000000000000000000000000000000000000000000000000000000000000000000000000000000000000,,,,,,,InChI=1S/CH4N2.Li/c2-1-3;/h2-3H2;/q-1;,ZNMGALUYEVXERX-UHFFFAOYSA-N,51.05345157,CH4LiN2-,51.0,[Li].[C-](N)N,[Li].[C-](N)N,52,51.05345157,4,0,0,0,0,0,0,0,2,-1,101021057
23,1,6,2,2,0,00000371880300000000000000000000000000000000000000000000000000000000000000000014001000000000000000040100004000000000000000000000000000000000800000000000000000000000000000000000000000000000000000000000000000000000000000000000000000,lithium aminomethylazanide,lithium aminomethylazanide,lithium aminomethylazanide,lithium aminomethylazanide,lithium aminomethylazanide,lithium aminomethylazanide,"InChI=1S/CH5N2.Li/c2-1-3;/h2H,1,3H2;/q-1;+1",YBXMSLUOIGFXPP-UHFFFAOYSA-N,52.06127660,CH5LiN2,52.0,[Li+].C(N)[NH-],[Li+].C(N)[NH-],27,52.06127660,4,0,0,0,0,0,0,0,2,-1,102460855
24,1,29,2,0,0,00000371080300000000000000000000000000000000000000000000000000000000000000000014000800000000000000040000000000002200000100000000000000000000000000000000000000000000000000000000000000000000000000000000000000000000000000000000000000,lithium diazomethane,lithium diazomethane,lithium diazomethane,lithium diazomethane,lithium diazomethane,lithium diazomethane,InChI=1S/CHN2.Li/c1-3-2;/h1H;/q-1;+1,ZFUVYPAHILSHEJ-UHFFFAOYSA-N,48.02997647,CHLiN2,48.0,[Li+].[CH-]=[N+]=[N-],[Li+].[CH-]=[N+]=[N-],2,48.02997647,4,0,0,0,0,0,0,0,2,-1,12460342
25,1,3.2,1,0,0,00000371000000000043000000000000000000000000000000000000000000000000000000000000000000000000000000000000000000000000000000000000000000000000000000000000000000000000000000000000000000000000000000000000000000000000000000000000000000,potassium triiodide,potassium triiodide,potassium triiodide,potassium triiodide,potassium triiodide,potassium triiodide,InChI=1S/I3.K/c1-3-2;/q-1;+1,DKNPRRRKHAEUMW-UHFFFAOYSA-N,419.6771,I3K,419.8117,[K+].I[I-]I,[K+].I[I-]I,0,419.6771,4,0,0,0,0,0,0,0,2,-1,105053
26,1,2.8,1,0,0,00000371804000200000000000000000000000000000000000000000000000000000000000000018000000000000008000000200000000000000000000000000000000000000000000000000000000000000000000000000000000000000000000000000000000000000000000000000000000,sodium ethane,sodium ethane,sodium ethane,sodium ethane,sodium ethane,sodium ethane,"InChI=1S/C2H5.Na/c1-2;/h1H2,2H3;/q-1;+1",IZEUYKFIAWOPOS-UHFFFAOYSA-N,52.02889444,C2H5Na,52.05,C[CH2-].[Na+],C[CH2-].[Na+],0,52.02889444,3,0,0,0,0,0,0,0,2,-1,13351308
27,1,13.5,2,0,0,00000371804200000040000000000000000000000000000000000000000000000000000000000014000000000000000000040200020000002000000104000000000000000000000000000000000000000000000000000000000000000000000000000000000000000000000000000000000000,potassium N-methylmethanimine,potassium N-methylmethanimine,potassium <I>N</I>-methylmethanimine,potassium N-methylmethanimine,potassium N-methylmethanimine,potassium methanidylidene(methyl)amine,"InChI=1S/C2H4N.K/c1-3-2;/h1H,2H3;/q-1;+1",NMUGHBODHUHAIM-UHFFFAOYSA-N,80.99808062,C2H4KN,81.16,CN=[CH-].[K+],CN=[CH-].[K+],12.4,80.99808062,4,0,0,0,0,0,0,0,2,-1,58153045
28,1,15.5,1,0,0,00000371020200200000000000000000000000000000000000000000000000000000000000003010000000000000000000000200000000000000000000000000000000000000000000000000000000000000000000000000000000000000000000000000000000000000000000000000000000,sodium methylboranylideneazanide,sodium methylboranylideneazanide,sodium methylboranylideneazanide,sodium methylboranylideneazanide,sodium methylboranylideneazanide,sodium methylboranylideneazanide,InChI=1S/CH3BN.Na/c1-2-3;/h1H3;/q-1;+1,VGHKYIJNAPUWKE-UHFFFAOYSA-N,63.0256235,CH3BNNa,62.84,B(=[N-])C.[Na+],B(=[N-])C.[Na+],1,63.0256235,4,0,0,0,0,0,0,0,2,-1,167376163
29,1,4.8,1,0,0,00000371000200000000000008000000000000000000000000000000000000000000000000000014000000000000000000040000000000002000000100000000000000000000000000000000000000000000000000000000000000000000000000000000000000000000000000000000000000,methyleneazanide;rubidium(1+),methyleneazanide;rubidium(1+),methylideneazanide;rubidium(1+),methylideneazanide;rubidium(1+),methylideneazanide;rubidium(1+),methyleneazanide;rubidium(1+),InChI=1S/CH2N.Rb/c1-2;/h1H2;/q-1;+1,DGQVIRFMMFREJH-UHFFFAOYSA-N,112.93051380,CH2NRb,113.501,C=[N-].[Rb+],C=[N-].[Rb+],1,112.93051380,3,0,0,0,0,0,0,0,2,-1,140587702
30,1,13.5,1,0,0,0000037188420000000000000000000000001600000000000000000000000000000000000000001C00000000000000C100040000020000000000000000000000000000000000000800000000000000000000000000000000000000000000000000000000000000000000000000000000000000,lithium azanidacyclopropane,lithium azanidacyclopropane,lithium azanidacyclopropane,lithium azanidacyclopropane,lithium 1-azanidacyclopropane,lithium ethylenimin-1-ide,InChI=1S/C2H4N.Li/c1-2-3-1;/h1-2H2;/q-1;+1,KOMWJKIXHXQICN-UHFFFAOYSA-N,49.05037757,C2H4LiN,49.0,[Li+].C1C[N-]1,[Li+].C1C[N-]1,1,49.05037757,4,0,0,0,0,0,0,0,2,-1,12368256
31,1,4.8,1,0,0,00000371000020000010000008000000000000000000000000000000000000000000000000000000000000000000000000000000000000000000000000000000000000000000000000000000000000000000000000000000000000000000000000000000000000000000000000000000000000,rubidium(1+) hypobromite,rubidium(1+) hypobromite,rubidium(1+) hypobromite,rubidium(1+) hypobromite,rubidium(1+) hypobromite,rubidium(1+) hypobromite,InChI=1S/BrO.Rb/c1-2;/q-1;+1,UACXQHHXYKIEPV-UHFFFAOYSA-N,179.82504,BrORb,181.37,[O-]Br.[Rb+],[O-]Br.[Rb+],23.1,179.82504,3,0,0,0,0,0,0,0,2,-1,140361553
32,1,4.8,1,0,0,00000371000200000000000008000000000000000000000000000000000000000000000000000014000000000000000000040000000000002000000100000000000000000000000000000000000000000000000000000000000000000000000000000000000000000000000000000000000000,methyleneazanide;rubidium(1+),methyleneazanide;rubidium(1+),methylideneazanide;rubidium(1+),methylideneazanide;rubidium(1+),methylideneazanide;rubidium(1+),methyleneazanide;rubidium(1+),InChI=1S/CH2N.Rb/c1-2;/h1H2;/q-1;+1,DGQVIRFMMFREJH-UHFFFAOYSA-N,112.93051380,CH2NRb,113.501,C=[N-].[Rb+],C=[N-].[Rb+],1,112.93051380,3,0,0,0,0,0,0,0,2,-1,140587702
33,1,6,1,0,0,000003710B0000000000000000000000000000000000000000000000000000000000000000002010000000000000000000000000000000000000000000000000000000000000000000000000000000000000000000000000000000000000000000000000000000000000000000000000000000,,,,,,,InChI=1S/CHB2.Li/c2-1-3;/h1H;/q-1;+1,CQXVWXQGNKXPOS-UHFFFAOYSA-N,42.0424388,CHB2Li,41.6,[Li+].[B][CH-][B],[Li+].[B][CH-][B],0,42.0424388,4,0,0,0,0,0,0,0,2,-1,129710093
34,1,3.2,3,1,0,0000037100003020000000000000000000000000000000000000000000000000000000000000000000000C000000000000000000000000000000000000000000000000000000000000000000000000000000000000000000000000000000000000000000000000000000000000000000000000,,,,,,,InChI=1S/Na.H2O3/c;1-3-2/h;1-2H/q+1;/p-1,LENJINCTLLSSLB-UHFFFAOYSA-M,71.98233817,HNaO3,71.996,OO[O-].[Na+],OO[O-].[Na+],52.5,71.98233817,4,0,0,0,0,0,0,0,2,-1,162781858
35,1,8,2,1,0,00000371820200200000000000000000000000000000000000000000000000000000000000003010001000000000000000000200000000000000000000000000000000000000000000000000000000000000000000000000000000000000000000000000000000000000000000000000000000,,,,,,,"InChI=1S/CH5BN.Na/c1-2-3;/h3H2,1H3;/q-1;+1",YZRYDKGQACWRPA-UHFFFAOYSA-N,65.0412736,CH5BNNa,64.86,[B-](C)N.[Na+],[B-](C)N.[Na+],26,65.0412736,4,0,0,0,0,0,0,0,2,-1,59341893
36,1,29,2,1,0,00000371000300200000000000000000000000000000000000000000000000000000000000000004001000000000000000000100004000002000000020000000000000000000000000000000000000000000000000000000000000000000000000000000000000000000000000000000000000,sodium iminomethyleneazanide,sodium iminomethylideneazanide,sodium iminomethylideneazanide,sodium iminomethylideneazanide,sodium azanylidenemethylideneazanide,sodium iminomethyleneazanide,InChI=1S/CHN2.Na/c2-1-3;/h2H;/q-1;+1,MBEGFNBBAVRKLK-UHFFFAOYSA-N,64.00374232,CHN2Na,64.022,C(=N)=[N-].[Na+],C(=N)=[N-].[Na+],24.9,64.00374232,4,0,0,0,0,0,0,0,2,-1,13005318
37,1,4.8,1,0,0,00000371080000000010000000000000000000000000000000000000000000000000000000000010004000000040000000000000000000000000000000000000000000000000000000000000000000000000000000000000000000000000000000000000000000000000000000000000000000,lithium bromomethane,lithium bromomethane,lithium bromomethane,lithium bromomethane,lithium bromanylmethane,lithium bromomethane,InChI=1S/CH2Br.Li/c1-2;/h1H2;/q-1;+1,JLEFJNSIUHZNFU-UHFFFAOYSA-N,99.94999,CH2BrLi,100.9,[Li+].[CH2-]Br,[Li+].[CH2-]Br,0,99.94999,3,0,0,0,0,0,0,0,2,-1,11815827
38,1,13.5,2,0,0,00000371000030200000000000000000000000000000000000000000000000000000000000000012000000000000000000030008000000000800000088000000000000000000000000000000000000000000000000000000000000000000000000000000000000000000000000000000000000,sodium oxo(112C)methanolate,sodium oxo(112C)methanolate,sodium oxo(1<SUP>12</SUP>C)methanolate,sodium oxo(112C)methanolate,sodium oxidanylidene(112C)methanolate,sodium keto(112C)methanolate,"InChI=1S/CH2O2.Na/c2-1-3;/h1H,(H,2,3);/q;+1/p-1/i1+0;",HLBBKKJFGFRGMU-XUGDXVOUSA-M,67.98742355,CHNaO2,67.997,[12CH](=O)[O-].[Na+],C(=O)[O-].[Na+],40.1,67.98742355,4,0,0,0,0,0,0,1,2,-1,23680483
39,1,4.8,2,1,0,00000371080020000000000000000000000000000000000000000000000000000000000000000012000008000000000000020000000002000000000000000000000000000000000000000010000000000000000000000000000000000000000000000000000000000000000000000000000000,lithium methanol,lithium methanol,lithium methanol,lithium methanol,lithium methanol,lithium methanol,"InChI=1S/CH3O.Li/c1-2;/h2H,1H2;/q-1;+1",NJIBUELDESEHDG-UHFFFAOYSA-N,38.03439315,CH3LiO,38.0,[Li+].[CH2-]O,[Li+].[CH2-]O,20.2,38.03439315,3,0,0,0,0,0,0,0,2,-1,13351303
40,1,13.5,1,0,0,0000037180420000004000000000000000000000000000000000000000000000000000000000001C00000000000000C100040200000000002000102100000000000000000000001000000000000000000000000000000000000000000000000000000000000000000000000000000000000000,potassium ethylideneazanide,potassium ethylideneazanide,potassium ethylideneazanide,potassium ethylideneazanide,potassium ethylideneazanide,potassium ethylideneazanide,"InChI=1S/C2H4N.K/c1-2-3;/h2H,1H3;/q-1;+1",VCNXPQXVKUQESI-UHFFFAOYSA-N,80.99808062,C2H4KN,81.16,CC=[N-].[K+],CC=[N-].[K+],1,80.99808062,4,0,0,0,0,0,0,0,2,-1,59854993
41,1,6,3,2,0,00000371080230000000000000000000000000000000000000000000000000000000000000000000001408000000000000000000000040000000000000000000000000000000000000000000000000000000000000000000000000000000000000000000000000000000000000000000000000,lithium N-oxidohydroxylamine,lithium N-oxidohydroxylamine,lithium <I>N</I>-oxidohydroxylamine,lithium N-oxidohydroxylamine,lithium N-oxidanidylhydroxylamine,lithium N-oxidohydroxylamine,InChI=1S/Li.H2NO2/c;2-1-3/h;1-2H/q+1;-1,DVOHSJSGMGVLGG-UHFFFAOYSA-N,55.02455674,H2LiNO2,55.0,[Li+].N(O)[O-],[Li+].N(O)[O-],55.3,55.02455674,4,0,0,0,0,0,0,0,2,-1,140647104
42,1,13.5,1,1,0,0000037188420000000000000000000000000000000000000000000000000000000000000000001C00100000000000C100040000004000008000000640000000000002000800800000000000000000000000000000000000000000000000000000000000000000000000000000000000000000,lithium vinylazanide,lithium ethenylazanide,lithium ethenylazanide,lithium ethenylazanide,lithium ethenylazanide,lithium vinylazanide,"InChI=1S/C2H4N.Li/c1-2-3;/h2-3H,1H2;/q-1;+1",KWVJOPHXLUORKH-UHFFFAOYSA-N,49.05037757,C2H4LiN,49.0,[Li+].C=C[NH-],[Li+].C=C[NH-],1,49.05037757,4,0,0,0,0,0,0,0,2,-1,129875527
43,1,4.8,1,0,0,00000371020200000040000000000000000000000000000000000000000000000000000000001000000000000000000000000000000000000000000000000000000000000000000000000000000000000000000000000000000000000000000000000000000000000000000000000000000000,,,,,,,InChI=1S/BN.K/c1-2;/q-1;+1,RUUHBQLLICQZCG-UHFFFAOYSA-N,63.9760857,BKN,63.92,[B]=[N-].[K+],[B]=[N-].[K+],1,63.9760857,3,0,0,0,0,0,0,0,2,-1,58627710
44,1,10.3,1,1,0,0000037108420000000000000000000000000000000000000000000000000000000000000000001C00100000000000C100040000004000008000000640000000000002000800800000000000000000000000000000000000000000000000000000000000000000000000000000000000000000,,,,,,,InChI=1S/C2H3N.Li/c1-2-3;/h1-3H;/q-1;,AYMAMYQYJPIBSF-UHFFFAOYSA-N,48.04255253,C2H3LiN-,48.0,[Li].[CH]=C[NH-],[Li].[CH]=C[NH-],1,48.04255253,4,0,0,0,0,0,0,0,2,-1,100982396
45,1,15.5,2,0,0,00000371000220200000000000000000000000000000000000000000000000000000000000000014000400000000000000040000001000002000000100000000000000000000000000000000000000000000000000000000000000000000000000000000000000000000000000000000000000,sodium N-oxidomethanimine,sodium N-oxidomethanimine,sodium <I>N</I>-oxidomethanimine,sodium N-oxidomethanimine,sodium N-oxidanidylmethanimine,sodium methylene(oxido)amine,"InChI=1S/CH3NO.Na/c1-2-3;/h3H,1H2;/q;+1/p-1",QGHASHZBBWAMEP-UHFFFAOYSA-M,67.00340797,CH2NNaO,67.023,C=N[O-].[Na+],C=N[O-].[Na+],35.4,67.00340797,4,0,0,0,0,0,0,0,2,-1,160408535
46,1,4.8,1,0,0,00000371020000200002000000000000000000000000000000000000000000000000000000008000000000000000000000000000000000000000000000000000000000000000000000000000000000000000000000000000000000000000000000000000000000000000000000000000000000,sodium iodoboranuide,sodium iodoboranuide,sodium iodoboranuide,sodium iodoboranuide,sodium iodanylboranuide,sodium iodoboranuide,InChI=1S/BH3I.Na/c1-2;/h1H3;/q-1;+1,LEXZFJRLKNPMIK-UHFFFAOYSA-N,163.92702,BH3INa,163.73,[BH3-]I.[Na+],[BH3-]I.[Na+],0,163.92702,3,0,0,0,0,0,0,0,2,-1,159330689
47,1,13.5,1,0,0,0000037100402000000000000000080000000000000000000000000000000000000000000000001A00000000000000A080020000000000008000000200000000000000000800000000000000000000000000000000000000000000000000000000000000000000000000000000000000000000,cesium ethenolate,cesium ethenolate,cesium ethenolate,cesium ethenolate,cesium ethenolate,cesium ethenolate,"InChI=1S/C2H4O.Cs/c1-2-3;/h2-3H,1H2;/q;+1/p-1",SZKFTXFJRVCKQJ-UHFFFAOYSA-M,175.92384167,C2H3CsO,175.95,C=C[O-].[Cs+],C=C[O-].[Cs+],23.1,175.92384167,4,0,0,0,0,0,0,0,2,-1,101843487
48,1,34.5,2,0,0,00000371000220000040000000000000000000000000000000000000000000000000000000000004000400000000000000000000001000001000000000000000000000000000000000000000000000000000000000000000000000000000000000000000000000000000000000000000000000,potassium fulminate,potassium oxidonitriliomethane,potassium oxidoazaniumylidynemethane,potassium oxidoazaniumylidynemethane,potassium oxidanidylazaniumylidynemethane,potassium fulminate,InChI=1S/CNO.K/c1-2-3;/q-1;+1,LOMWRVTZROPEGG-UHFFFAOYSA-N,80.96169511,CKNO,81.115,[C-]#[N+][O-].[K+],[C-]#[N+][O-].[K+],30.7,80.96169511,4,0,0,0,0,0,0,0,2,-1,11366948
49,1,4.8,1,0,0,000003710A0000000000000000000000000000000000000000000000000000000000000000002010000000000000000000000000000000000000000000000000000000000000000000000000000000000000000000000000000000000000000000000000000000000000000000000000000000,,,,,,,InChI=1S/CH2B.Li/c1-2;/h1H2;/q-1;+1,XKFYJCKERWECBM-UHFFFAOYSA-N,32.0409587,CH2BLi,31.8,[Li+].[B][CH2-],[Li+].[B][CH2-],0,32.0409587,3,0,0,0,0,0,0,0,2,-1,58997489
50,1,6,1,0,0,00000371804000000042000000000000000000000000000000000000000000000000000000000018002000000000008200000200000000000000000000000000000000000000000000000000000000000000000000000000000000000000000000000000000000000000000000000000000000,potassium iodoethane,potassium iodoethane,potassium iodoethane,potassium iodoethane,potassium iodanylethane,potassium iodoethane,"InChI=1S/C2H4I.K/c1-2-3;/h2H,1H3;/q-1;+1",UVWVABFLLBUYPM-UHFFFAOYSA-N,193.89948,C2H4IK,194.06,C[CH-]I.[K+],C[CH-]I.[K+],0,193.89948,4,0,0,0,0,0,0,0,2,-1,158336150
51,1,6,2,1,0,00000371000030000000000000000800000000000000000000000000000000000000000000000012000008000000000000030008000002000000000000000000000000000000000000000010000000000000000000000000000000000000000000000000000000000000000000000000000000,cesium hydroxymethanolate,cesium hydroxymethanolate,cesium hydroxymethanolate,cesium hydroxymethanolate,cesium oxidanylmethanolate,cesium hydroxymethanolate,"InChI=1S/CH3O2.Cs/c2-1-3;/h2H,1H2;/q-1;+1",OPVHWLFDDQHXBW-UHFFFAOYSA-N,179.91875629,CH3CsO2,179.939,C(O)[O-].[Cs+],C(O)[O-].[Cs+],43.3,179.91875629,4,0,0,0,0,0,0,0,2,-1,142418848
52,1,6,1,0,0,000003710B0000000000000000000000000000000000000000000000000000000000000000002010000000000000000000000000000000000000000000000000000000000000000000000000000000000000000000000000000000000000000000000000000000000000000000000000000000,,,,,,,InChI=1S/CHB2.Li/c2-1-3;/h1H;/q-1;+1,CQXVWXQGNKXPOS-UHFFFAOYSA-N,42.0424388,CHB2Li,41.6,[Li+].[B][CH-][B],[Li+].[B][CH-][B],0,42.0424388,4,0,0,0,0,0,0,0,2,-1,129710093
53,1,6,3,1,0,0000037108003000000000000000000000000000000000000000000000000000000000000000001200000C000000000000020000000000000000000000000000000000000000000000000000000000000000000000000000000000000000000000000000000000000000000000000000000000,lithium hydroperoxymethane,lithium hydroperoxymethane,lithium hydroperoxymethane,lithium hydroperoxymethane,lithium dioxidanylmethane,lithium hydroperoxymethane,"InChI=1S/CH3O2.Li/c1-3-2;/h2H,1H2;/q-1;+1",TVHOFLNWKCXWFQ-UHFFFAOYSA-N,54.02930777,CH3LiO2,54.0,[Li+].[CH2-]OO,[Li+].[CH2-]OO,29.5,54.02930777,4,0,0,0,0,0,0,0,2,-1,22900039
54,1,6,1,0,0,00000371824000000040000000000000000000000000000000000000000000000000000000002018000000000000008000000000000000000000000000000000000000000000000000000000000000000000000000000000000000000000000000000000000000000000000000000000000000,,,,,,,InChI=1S/C2H4B.K/c1-2-3;/h1-2H2;/q-1;+1,CFYGPACLSFMNRW-UHFFFAOYSA-N,78.0043118,C2H4BK,77.96,[B]C[CH2-].[K+],[B]C[CH2-].[K+],0,78.0043118,4,0,0,0,0,0,0,0,2,-1,153059879
55,1,3.2,1,0,0,00000371000000000058000000000000000000000000000000000000000000000000000000000000000000000000000000000000000000000000000000000000000000000000000000000000000000000000000000000000000000000000000000000000000000000000000000000000000000,,,,,,,InChI=1S/Br3.K/c1-3-2;/q-1;+1,HITYMLZBXBVJDE-UHFFFAOYSA-N,277.71667,Br3K,278.81,[K+].Br[Br-]Br,[K+].Br[Br-]Br,0,275.71872,4,0,0,0,0,0,0,0,2,-1,158491745
56,1,12.8,2,0,0,00000371000200000000000000000800000000000000000000000000000000000000000000000004000000000000000000000000000000001000000000000000000000000000000000000000000000000000000000000000000000000000000000000000000000000000000000000000000000,cesium cyanide,cesium cyanide,cesium cyanide,cesium cyanide,cesium cyanide,cesium cyanide,InChI=1S/CN.Cs/c1-2;/q-1;+1,XTCPEYCUFMHXBI-UHFFFAOYSA-N,158.90852596,CCsN,158.923,[C-]#N.[Cs+],[C-]#N.[Cs+],23.8,158.90852596,3,0,0,0,0,0,0,0,2,-1,23677314
57,1,6,1,0,0,00000371080000000003000000000000000000000000000000000000000000000000000000000010002000000000000000000000000000000000000000000000000000000000000000000000000000000000000000000000000000000000000000000000000000000000000000000000000000,lithium diiodomethane,lithium diiodomethane,lithium diiodomethane,lithium diiodomethane,lithium bis(iodanyl)methane,lithium diiodomethane,InChI=1S/CHI2.Li/c2-1-3;/h1H;/q-1;+1,CJFVNCDAQSNHGT-UHFFFAOYSA-N,273.83277,CHI2Li,273.8,[Li+].[CH-](I)I,[Li+].[CH-](I)I,0,273.83277,4,0,0,0,0,0,0,0,2,-1,13215277
58,1,4.8,1,1,0,00000371880200000000000000000000000000000000000000000000000000000000000000000014001000000000000000040200004000000000000000000000000000000000800000000000000000000000000000000000000000000000000000000000000000000000000000000000000000,lithium methylazanide,lithium methylazanide,lithium methylazanide,lithium methylazanide,lithium methylazanide,lithium methylazanide,"InChI=1S/CH4N.Li/c1-2;/h2H,1H3;/q-1;+1",JMNBVZIBJMAJJU-UHFFFAOYSA-N,37.05037757,CH4LiN,37.0,[Li+].C[NH-],[Li+].C[NH-],1,37.05037757,3,0,0,0,0,0,0,0,2,-1,12605453
59,1,6,1,0,0,00000371080000000018000000000000000000000000000000000000000000000000000000000010004000000040000000000000000000000000000000000000000000000000000000000000000000000000000000000000000000000000000000000000000000000000000000000000000000,lithium dibromomethane,lithium dibromomethane,lithium dibromomethane,lithium dibromomethane,lithium bis(bromanyl)methane,lithium dibromomethane,InChI=1S/CHBr2.Li/c2-1-3;/h1H;/q-1;+1,FTRXQQBCDXQQKQ-UHFFFAOYSA-N,179.85845,CHBr2Li,179.8,[Li+].[CH-](Br)Br,[Li+].[CH-](Br)Br,0,177.86050,4,0,0,0,0,0,0,0,2,-1,11052230
60,1,13.5,1,0,0,00000371084000000010000000000000000000000000000000000000000000000000000000000018004000000100008000000000000000008000000200000000000000000000000000000000000000000000000000000000000000000000000000000000000000000000000000000000000000,lithium bromoethylene,lithium bromoethene,lithium bromoethene,lithium bromoethene,lithium bromanylethene,lithium bromoethylene,InChI=1S/C2H2Br.Li/c1-2-3;/h1H2;/q-1;+1,AOMOBNNEBKNSDH-UHFFFAOYSA-N,111.94999,C2H2BrLi,112.9,[Li+].C=[C-]Br,[Li+].C=[C-]Br,0,111.94999,4,0,0,0,0,0,0,0,2,-1,85850053
61,1,6,1,0,0,00000371000000000642000000000000000000000000000000000000000000000000000000000000000000000000000000000000000000000000000000000000000000000000000000000000000000000000000000000000000000000000000000000000000000000000000000000000000000,,,,,,,InChI=1S/Cl2I.K/c1-3-2;/q-1;+1,VHDYDZPTAISCIH-UHFFFAOYSA-N,235.80588,Cl2IK,236.91,Cl[I-]Cl.[K+],Cl[I-]Cl.[K+],0,235.80588,4,0,0,0,0,0,0,0,2,-1,129740401
62,1,6,1,0,0,00000371884000000010000000000000000000000000000000000000000000000000000000000018004000000140008000000000000000000000000000000000000000000000000000000000000000000000000000000000000000000000000000000000000000000000000000000000000000,lithium bromoethane,lithium bromoethane,lithium bromoethane,lithium bromoethane,lithium bromanylethane,lithium bromoethane,InChI=1S/C2H4Br.Li/c1-2-3;/h1-2H2;/q-1;+1,MJNUJYMNFYHSPF-UHFFFAOYSA-N,113.96564,C2H4BrLi,114.9,[Li+].[CH2-]CBr,[Li+].[CH2-]CBr,0,113.96564,4,0,0,0,0,0,0,0,2,-1,13358634
63,1,26.3,1,0,0,00000371084000000000000000000000000000000000000000000000000000000000000000000018000000000008008000000000000000008000004200000000000000000000000000000000000000000000000000000000000000000000000000000000000000000000000000000000000000,lithium allene,"lithium propa-1,2-diene","lithium propa-1,2-diene","lithium propa-1,2-diene","lithium propa-1,2-diene",lithium allene,"InChI=1S/C3H3.Li/c1-3-2;/h1H,2H2;/q-1;+1",GYALEKPSKJGUMV-UHFFFAOYSA-N,46.03947853,C3H3Li,46.0,[Li+].C=C=[CH-],[Li+].C=C=[CH-],0,46.03947853,4,0,0,0,0,0,0,0,2,-1,12585694
64,1,29.8,1,0,0,00000371004000200000000000000000000000000000000000000000000000000000000000000018000000000008008000000200000000004010000000000000000000000000000000000000000000000000000000000000000000000000000000000000000000000000000000000000000000,sodium prop-1-yne,sodium 1-propyne,sodium prop-1-yne,sodium prop-1-yne,sodium prop-1-yne,sodium prop-1-yne,InChI=1S/C3H3.Na/c1-3-2;/h1H3;/q-1;+1,DRVUSWMNSHIXEP-UHFFFAOYSA-N,62.01324438,C3H3Na,62.05,CC#[C-].[Na+],CC#[C-].[Na+],0,62.01324438,4,0,0,0,0,0,0,0,2,-1,11018800
65,1,15.5,2,1,0,00000371020200200000000000000000000000000000000000000000000000000000000000002004001000000000000000000000004000002000000000000000000000000000000000000000000000000000000000000000000000000000000000000000000000000000000000000000000000,,,,,,,InChI=1S/CHBN.Na/c2-1-3;/h3H;/q-1;+1,UALXGXNDEXHROL-UHFFFAOYSA-N,61.0099735,CHBNNa,60.83,[B][C-]=N.[Na+],[B][C-]=N.[Na+],23.9,61.0099735,4,0,0,0,0,0,0,0,2,-1,58676901
66,1,6,2,0,0,00000371000001000600000000000800000000000000000000000000000000000000000000000000000000000000000000000000000000000000000000000000000000000000000000000000000000000000000000000000000000000000000000000000000000000000000000000000000000,,,,,,,InChI=1S/Cl2F.Cs/c1-2-3;/q-1;+1,AQMKLKVJKBRXBH-UHFFFAOYSA-N,221.8415605,Cl2CsF,222.81,F[Cl-]Cl.[Cs+],F[Cl-]Cl.[Cs+],0,221.8415605,4,0,0,0,0,0,0,0,2,-1,59522958
67,1,15.5,1,0,0,00000371020200200000000000000000000000000000000000000000000000000000000000003010000000000000000000000200000000000000000000000000000000000000000000000000000000000000000000000000000000000000000000000000000000000000000000000000000000,sodium methylboranylideneazanide,sodium methylboranylideneazanide,sodium methylboranylideneazanide,sodium methylboranylideneazanide,sodium methylboranylideneazanide,sodium methylboranylideneazanide,InChI=1S/CH3BN.Na/c1-2-3;/h1H3;/q-1;+1,VGHKYIJNAPUWKE-UHFFFAOYSA-N,63.0256235,CH3BNNa,62.84,B(=[N-])C.[Na+],B(=[N-])C.[Na+],1,63.0256235,4,0,0,0,0,0,0,0,2,-1,167376163
68,1,6,1,0,0,00000371804200000040000000000000000000000000000000000000000000000000000000000014000000000000000000040200020000000000000000000000000000000000000800000000000000000000000000000000000000000000000000000000000000000000000000000000000000,potassium dimethylazanide,potassium dimethylazanide,potassium dimethylazanide,potassium dimethylazanide,potassium dimethylazanide,potassium dimethylazanide,InChI=1S/C2H6N.K/c1-3-2;/h1-2H3;/q-1;+1,HVFQFDANOBZEGL-UHFFFAOYSA-N,83.01373068,C2H6KN,83.17,C[N-]C.[K+],C[N-]C.[K+],1,83.01373068,4,0,0,0,0,0,0,0,2,-1,23696324
69,1,32.5,1,1,0,0000037100420020000000000000000000000000000000000000000000000000000000000000001C001000000000008100000000004000004008000000000000000000000000000000000000000000000000000000000000000000000000000000000000000000000000000000000000000000,sodium ethynylazanide,sodium ethynylazanide,sodium ethynylazanide,sodium ethynylazanide,sodium ethynylazanide,sodium ethynylazanide,"InChI=1S/C2H2N.Na/c1-2-3;/h1,3H;/q-1;+1",GYHQLKIMRGGTLM-UHFFFAOYSA-N,63.00849335,C2H2NNa,63.03,C#C[NH-].[Na+],C#C[NH-].[Na+],1,63.00849335,4,0,0,0,0,0,0,0,2,-1,162445248
70,1,4.8,1,1,0,00000371000200200400000000000000000000000000000000000000000000000000000000000000001020000000000000000000000000000000000000000000000000000000000000000000000000000000000000000000000000000000000000000000000000000000000000000000000000,sodium chloroazanide,sodium chloroazanide,sodium chloroazanide,sodium chloroazanide,sodium chloranylazanide,sodium chloroazanide,InChI=1S/ClHN.Na/c1-2;/h2H;/q-1;+1,ONAQTEPVHBNGAR-UHFFFAOYSA-N,72.9695210,ClHNNa,73.46,[NH-]Cl.[Na+],[NH-]Cl.[Na+],1,72.9695210,3,0,0,0,0,0,0,0,2,-1,160040791
71,1,6,1,0,0,00000371CA400000000000000000000000000000000000000000000000000000000000000000A010000000000000000000000200000000000000000000000000000000000000000000000000000000000000000000000000000000000000000000000000000000000000000000000000000000,lithium dimethylboranuide,lithium dimethylboranuide,lithium dimethylboranuide,lithium dimethylboranuide,lithium dimethylboranuide,lithium dimethylboranuide,"InChI=1S/C2H8B.Li/c1-3-2;/h3H2,1-2H3;/q-1;+1",OAYAQSMKBWLISE-UHFFFAOYSA-N,50.0879089,C2H8BLi,49.9,[Li+].[BH2-](C)C,[Li+].[BH2-](C)C,0,50.0879089,4,0,0,0,0,0,0,0,2,-1,23666607
72,1,8,1,0,0,00000371080000000402000000000000000000000000000000000000000000000000000000000010022000000000000000400000000000000000000000000000000000000000000000000000000000000000000000000000000000000000000000000000000000000000000000000000000000,lithium chloro(iodo)methane,lithium chloro(iodo)methane,lithium chloro(iodo)methane,lithium chloro(iodo)methane,lithium chloranyl(iodanyl)methane,lithium chloro(iodo)methane,InChI=1S/CHClI.Li/c2-1-3;/h1H;/q-1;+1,UNWHOFCDXLVUNW-UHFFFAOYSA-N,181.89715,CHClILi,182.3,[Li+].[CH-](Cl)I,[Li+].[CH-](Cl)I,0,181.89715,4,0,0,0,0,0,0,0,2,-1,169448209
73,1,6,1,0,0,0000037100000000005A000000000000000000000000000000000000000000000000000000000000000000000000000000000000000000000000000000000000000000000000000000000000000000000000000000000000000000000000000000000000000000000000000000000000000000,,,,,,,InChI=1S/Br2I.K/c1-3-2;/q-1;+1,UHNIHQOYLOFSQE-UHFFFAOYSA-N,325.70280,Br2IK,325.81,[K+].Br[I-]Br,[K+].Br[I-]Br,0,323.70485,4,0,0,0,0,0,0,0,2,-1,129678102
74,1,3.2,1,0,0,00000371804000200000000000000000000000000000000000000000000000000000000000000018000000000008008000000200000000000000000000000000000000000000000000000000000000000000000000000000000000000000000000000000000000000000000000000000000000,sodium propane,sodium propane,sodium propane,sodium propane,sodium propane,sodium propane,"InChI=1S/C3H7.Na/c1-3-2;/h3H,1-2H3;/q-1;+1",VIICBBSROHKMQZ-UHFFFAOYSA-N,66.04454451,C3H7Na,66.08,C[CH-]C.[Na+],C[CH-]C.[Na+],0,66.04454451,4,0,0,0,0,0,0,0,2,-1,22495153
75,1,32.5,1,0,0,00000371084000000010000000000000000000000000000000000000000000000000000000000008004000000100000000000000000000004000000000000000000000000000000000000000000000000000000000000000000000000000000000000000000000000000000000000000000000,lithium bromoacetylene,lithium bromoethyne,lithium bromoethyne,lithium bromoethyne,lithium bromanylethyne,lithium bromoacetylene,InChI=1S/C2Br.Li/c1-2-3;/q-1;+1,IIDYMJSKGJRZKW-UHFFFAOYSA-N,109.93434,C2BrLi,110.9,[Li+].[C-]#CBr,[Li+].[C-]#CBr,0,109.93434,4,0,0,0,0,0,0,0,2,-1,19607366
76,1,10.8,3,1,0,00000371000300000040000000000000000000000000000000000000000000000000000000000000001800000000000000000000000200000200000000000000000000000000000000000000000000000000000000000000000000000000000000000000000000000000000000000000000000,potassium hydrazinylideneazanide,potassium hydrazinylideneazanide,potassium hydrazinylideneazanide,potassium hydrazinylideneazanide,potassium diazanylideneazanide,potassium hydrazonoazanide,"InChI=1S/K.H2N3/c;1-3-2/h;(H2-,1,2)/q+1;-1",CVAFMVMLJFZLFJ-UHFFFAOYSA-N,82.98857856,H2KN3,83.135,NN=[N-].[K+],NN=[N-].[K+],39.4,82.98857856,4,0,0,0,0,0,0,0,2,-1,21063311
77,1,3.2,1,0,0,00000371804000200000000000000000000000000000000000000000000000000000000000000018000000000008008000000200000000000000000000000000000000000000000000000000000000000000000000000000000000000000000000000000000000000000000000000000000000,sodium propane,sodium propane,sodium propane,sodium propane,sodium propane,sodium propane,"InChI=1S/C3H7.Na/c1-3-2;/h3H,1-2H3;/q-1;+1",VIICBBSROHKMQZ-UHFFFAOYSA-N,66.04454451,C3H7Na,66.08,C[CH-]C.[Na+],C[CH-]C.[Na+],0,66.04454451,4,0,0,0,0,0,0,0,2,-1,22495153
78,1,3.2,1,0,0,00000371030000000000000008000000000000000000000000000000000000000000000000004000000000000000000000000000000000000000000000000000000000000000000000000000000000000000000000000000000000000000000000000000000000000000000000000000000000,,,,,,,InChI=1S/B3.Rb/c1-3-2;/q-1;+1,HUZVPMMJARTLTR-UHFFFAOYSA-N,117.9397052,B3Rb,117.9,[B][B-][B].[Rb+],[B][B-][B].[Rb+],0,117.9397052,4,0,0,0,0,0,0,0,2,-1,153438311
79,1,4.8,2,1,0,00000371820200200000000000000000000000000000000000000000000000000000000000009000001000000000000000000000000000000000000000000000000000000000000000000000000000000000000000000000000000000000000000000000000000000000000000000000000000,sodium aminoboranuide,sodium aminoboranuide,sodium aminoboranuide,sodium aminoboranuide,sodium azanylboranuide,sodium aminoboranuide,"InChI=1S/BH5N.Na/c1-2;/h2H2,1H3;/q-1;+1",WESOTVJUEQLKSE-UHFFFAOYSA-N,53.0412736,BH5NNa,52.85,[BH3-]N.[Na+],[BH3-]N.[Na+],26,53.0412736,3,0,0,0,0,0,0,0,2,-1,139116698
80,1,4.8,1,0,0,00000371080020000000000000000000000000000000000000000000000000000000000000000012000000000000000000020000000000000000000000000000000000000000000000000000000000000000000000000000000000000000000000000000000000000000000000000000000000,,,,,,,InChI=1S/CHO.Li/c1-2;/h1H;/q-1;+1,BSADQPGNEAZUJR-UHFFFAOYSA-N,36.01874309,CHLiO,36.0,[Li+].[CH][O-],[Li+].[CH][O-],23.1,36.01874309,3,0,0,0,0,0,0,0,2,-1,168737035
81,1,4.8,1,1,0,00000371000200200400000000000000000000000000000000000000000000000000000000000000001020000000000000000000000000000000000000000000000000000000000000000000000000000000000000000000000000000000000000000000000000000000000000000000000000,sodium chloroazanide,sodium chloroazanide,sodium chloroazanide,sodium chloroazanide,sodium chloranylazanide,sodium chloroazanide,InChI=1S/ClHN.Na/c1-2;/h2H;/q-1;+1,ONAQTEPVHBNGAR-UHFFFAOYSA-N,72.9695210,ClHNNa,73.46,[NH-]Cl.[Na+],[NH-]Cl.[Na+],1,72.9695210,3,0,0,0,0,0,0,0,2,-1,160040791
82,1,8,2,1,0,00000371880220000000000000000000000000000000000000000000000000000000000000000012001400000000000000020200000000000000000000000000000000000000000000000000000000000000000000000000000000000000000000000000000000000000000000000000000000,lithium methoxyazanide,lithium methoxyazanide,lithium methoxyazanide,lithium methoxyazanide,lithium methoxyazanide,lithium methoxyazanide,"InChI=1S/CH4NO.Li/c1-3-2;/h2H,1H3;/q-1;+1",XPGXZAKBWPCQRK-UHFFFAOYSA-N,53.04529219,CH4LiNO,53.0,[Li+].CO[NH-],[Li+].CO[NH-],10.2,53.04529219,4,0,0,0,0,0,0,0,2,-1,23685604
83,1,4.8,1,1,0,00000371880200000000000000000000000000000000000000000000000000000000000000000014001000000000000000040200004000000000000000000000000000000000800000000000000000000000000000000000000000000000000000000000000000000000000000000000000000,lithium methylazanide,lithium methylazanide,lithium methylazanide,lithium methylazanide,lithium methylazanide,lithium methylazanide,"InChI=1S/CH4N.Li/c1-2;/h2H,1H3;/q-1;+1",JMNBVZIBJMAJJU-UHFFFAOYSA-N,37.05037757,CH4LiN,37.0,[Li+].C[NH-],[Li+].C[NH-],1,37.05037757,3,0,0,0,0,0,0,0,2,-1,12605453
84,1,13.5,2,0,0,00000371084001000000000000000000000000000000000000000000000000000000000000000019000000000000008000000000000000008000000200000000000000000000000000000000000000000000000000000000000000000000000000000000000000000000000000000000000000,lithium fluoroethylene,lithium fluoroethene,lithium fluoroethene,lithium fluoroethene,lithium fluoranylethene,lithium fluoroethylene,InChI=1S/C2H2F.Li/c1-2-3;/h1H2;/q-1;+1,YEIKBDHORCHTIU-UHFFFAOYSA-N,52.03005666,C2H2FLi,52.0,[Li+].C=[C-]F,[Li+].C=[C-]F,0,52.03005666,4,0,0,0,0,0,0,0,2,-1,20820566
85,1,6,1,0,0,00000371C2400020000000000000000000000000000000000000000000000000000000000000A018000000000000008000000200000000000000000000000000000000000000000000000000000000000000000000000000000000000000000000000000000000000000000000000000000000,sodium ethylboranuide,sodium ethylboranuide,sodium ethylboranuide,sodium ethylboranuide,sodium ethylboranuide,sodium ethylboranuide,"InChI=1S/C2H8B.Na/c1-2-3;/h2H2,1,3H3;/q-1;+1",OOVXZEJPZSVDQE-UHFFFAOYSA-N,66.0616747,C2H8BNa,65.89,[BH3-]CC.[Na+],[BH3-]CC.[Na+],0,66.0616747,4,0,0,0,0,0,0,0,2,-1,160055680
86,1,8,1,0,0,00000371000020200002000000000000000000000000000000000000000000000000000000000012002000000000000000020000000000000000000000000000000000000000000000000000000000000000000000000000000000000000000000000000000000000000000000000000000000,sodium iodomethanolate,sodium iodomethanolate,sodium iodomethanolate,sodium iodomethanolate,sodium iodanylmethanolate,sodium iodomethanolate,InChI=1S/CH2IO.Na/c2-1-3;/h1H2;/q-1;+1,MMJKACXQDOENRR-UHFFFAOYSA-N,179.90481,CH2INaO,179.920,C([O-])I.[Na+],C([O-])I.[Na+],23.1,179.90481,4,0,0,0,0,0,0,0,2,-1,23670958
87,1,8,2,0,0,00000371820020200000000000000000000000000000000000000000000000000000000000008812000000000000000000020200000000000000000000000000000000000000000000000000000000000000000000000000000000000000000000000000000000000000000000000000000000,sodium methoxyboranuide,sodium methoxyboranuide,sodium methoxyboranuide,sodium methoxyboranuide,sodium methoxyboranuide,sodium methoxyboranuide,InChI=1S/CH6BO.Na/c1-3-2;/h1-2H3;/q-1;+1,LEZUMKAVQRGKNC-UHFFFAOYSA-N,68.0409393,CH6BNaO,67.86,[BH3-]OC.[Na+],[BH3-]OC.[Na+],9.2,68.0409393,4,0,0,0,0,0,0,0,2,-1,135048829
88,1,32.5,1,0,0,00000371084000000010000000000000000000000000000000000000000000000000000000000008004000000100000000000000000000004000000000000000000000000000000000000000000000000000000000000000000000000000000000000000000000000000000000000000000000,lithium bromoacetylene,lithium bromoethyne,lithium bromoethyne,lithium bromoethyne,lithium bromanylethyne,lithium bromoacetylene,InChI=1S/C2Br.Li/c1-2-3;/q-1;+1,IIDYMJSKGJRZKW-UHFFFAOYSA-N,109.93434,C2BrLi,110.9,[Li+].[C-]#CBr,[Li+].[C-]#CBr,0,109.93434,4,0,0,0,0,0,0,0,2,-1,19607366
89,1,6,2,0,0,00000371884001000000000000000000000000000000000000000000000000000000000000000019000000000000008000000000000000000000000000000000000000000000000000000000000000000000000000000000000000000000000000000000000000000000000000000000000000,lithium fluoroethane,lithium fluoroethane,lithium fluoroethane,lithium fluoroethane,lithium fluoranylethane,lithium fluoroethane,InChI=1S/C2H4F.Li/c1-2-3;/h1-2H2;/q-1;+1,KKGONRWWLPJLIW-UHFFFAOYSA-N,54.04570672,C2H4FLi,54.0,[Li+].[CH2-]CF,[Li+].[CH2-]CF,0,54.04570672,4,0,0,0,0,0,0,0,2,-1,21396528
90,1,6,1,0,0,00000371000000000610000008000000000000000000000000000000000000000000000000000000000000000000000000000000000000000000000000000000000000000000000000000000000000000000000000000000000000000000000000000000000000000000000000000000000000,,,,,,,InChI=1S/BrCl2.Rb/c2-1-3;/q-1;+1,XTGZJHMQOUYHPZ-UHFFFAOYSA-N,233.76783,BrCl2Rb,236.27,Cl[Br-]Cl.[Rb+],Cl[Br-]Cl.[Rb+],0,233.76783,4,0,0,0,0,0,0,0,2,-1,23694843
91,1,4.8,2,0,0,00000371080001000000000000000000000000000000000000000000000000000000000000000011000000000000000000000000000000000000000000000000000000000000000000000000000000000000000000000000000000000000000000000000000000000000000000000000000000,lithium fluoromethane,lithium fluoromethane,lithium fluoromethane,lithium fluoromethane,lithium fluoranylmethane,lithium fluoromethane,InChI=1S/CH2F.Li/c1-2;/h1H2;/q-1;+1,VPENHABWIYBDHO-UHFFFAOYSA-N,40.03005666,CH2FLi,40.0,[Li+].[CH2-]F,[Li+].[CH2-]F,0,40.03005666,3,0,0,0,0,0,0,0,2,-1,13351304
92,1,32.5,2,0,0,00000371004001200000000000000000000000000000000000000000000000000000000000000009000000000000000000000000000000004000000000000000000000000000000000000000000000000000000000000000000000000000000000000000000000000000000000000000000000,sodium fluoroacetylene,sodium fluoroethyne,sodium fluoroethyne,sodium fluoroethyne,sodium fluoranylethyne,sodium fluoroacetylene,InChI=1S/C2F.Na/c1-2-3;/q-1;+1,SHPBVCFVYDIOAB-UHFFFAOYSA-N,65.98817244,C2FNa,66.01,[C-]#CF.[Na+],[C-]#CF.[Na+],0,65.98817244,4,0,0,0,0,0,0,0,2,-1,160837484
93,1,4.8,2,1,0,00000371880200000000000000000000000000000000000000000000000000000000000000000014001000000000000000040000004000000000000000000000000000000000800000000000000000000000000000000000000000000000000000000000000000000000000000000000000000,lithium methanamine,lithium methanamine,lithium methanamine,lithium methanamine,lithium methanamine,lithium methanidylamine,InChI=1S/CH4N.Li/c1-2;/h1-2H2;/q-1;+1,QUWWDJBKHQNVTQ-UHFFFAOYSA-N,37.05037757,CH4LiN,37.0,[Li+].[CH2-]N,[Li+].[CH2-]N,26,37.05037757,3,0,0,0,0,0,0,0,2,-1,13351302
94,1,8,1,0,0,00000371000000200012000000000000000000000000000000000000000000000000000000000010004000000040000000000200000000000000000000000000000000000000000000000000000000000000000000000000000000000000000000000000000000000000000000000000000000,sodium iodobromanuidylmethane,sodium iodobromanuidylmethane,sodium iodobromanuidylmethane,sodium iodobromanuidylmethane,sodium iodanylbromanuidylmethane,sodium iodobromanuidylmethane,InChI=1S/CH3BrI.Na/c1-2-3;/h1H3;/q-1;+1,LZYZAJZPYHRXRT-UHFFFAOYSA-N,243.83605,CH3BrINa,244.83,C[Br-]I.[Na+],C[Br-]I.[Na+],0,243.83605,4,0,0,0,0,0,0,0,2,-1,59187066
95,1,8,1,0,0,00000371000020200010000000000000000000000000000000000000000000000000000000000012004000000040000000020000000000000000000000000000000000000000000000000000000000000000000000000000000000000000000000000000000000000000000000000000000000,sodium bromomethanolate,sodium bromomethanolate,sodium bromomethanolate,sodium bromomethanolate,sodium bromanylmethanolate,sodium bromomethanolate,InChI=1S/CH2BrO.Na/c2-1-3;/h1H2;/q-1;+1,AXRIYDALCWUYCH-UHFFFAOYSA-N,131.91867,CH2BrNaO,132.92,C([O-])Br.[Na+],C([O-])Br.[Na+],23.1,131.91867,4,0,0,0,0,0,0,0,2,-1,23670955
96,1,4.8,1,0,0,00000371020000200400000000000000000000000000000000000000000000000000000000008040000000000000000000000000000000000000000000000000000000000000000000000000000000000000000000000000000000000000000000000000000000000000000000000000000000,sodium chloroboranuide,sodium chloroboranuide,sodium chloroboranuide,sodium chloroboranuide,sodium chloranylboranuide,sodium chloroboranuide,InChI=1S/BClH3.Na/c1-2;/h1H3;/q-1;+1,UJSAERYKQYEQTF-UHFFFAOYSA-N,71.9914022,BClH3Na,72.28,[BH3-]Cl.[Na+],[BH3-]Cl.[Na+],0,71.9914022,3,0,0,0,0,0,0,0,2,-1,161111143
97,1,6,1,0,0,00000371804000000042000000000000000000000000000000000000000000000000000000000010002000000000000000000200000000000000000000000000000000000000000000000000000000000000000000000000000000000000000000000000000000000000000000000000000000,potassium methyliodanuidylmethane,potassium methyliodanuidylmethane,potassium methyliodanuidylmethane,potassium methyliodanuidylmethane,potassium methyliodanuidylmethane,potassium methyliodanuidylmethane,InChI=1S/C2H6I.K/c1-3-2;/h1-2H3;/q-1;+1,KSOGPRYOEVZMAG-UHFFFAOYSA-N,195.91513,C2H6IK,196.07,C[I-]C.[K+],C[I-]C.[K+],0,195.91513,4,0,0,0,0,0,0,0,2,-1,59894696
98,1,6,1,0,0,0000037188402000000000000000000000000000000000000000000000000000000000000000001A00000000000000A080020200000000000000000000000000000000000000000000000000000000000000000000000000000000000000000000000000000000000000000000000000000000,lithium ethanolate,lithium ethanolate,lithium ethanolate,lithium ethanolate,lithium ethanolate,lithium ethanolate,"InChI=1S/C2H5O.Li/c1-2-3;/h2H2,1H3;/q-1;+1",AZVCGYPLLBEUNV-UHFFFAOYSA-N,52.05004321,C2H5LiO,52.0,[Li+].CC[O-],[Li+].CC[O-],23.1,52.05004321,4,0,0,0,0,0,0,0,2,-1,23661847
99,1,6,1,0,0,00000371000000000610000008000000000000000000000000000000000000000000000000000000000000000000000000000000000000000000000000000000000000000000000000000000000000000000000000000000000000000000000000000000000000000000000000000000000000,,,,,,,InChI=1S/BrCl2.Rb/c2-1-3;/q-1;+1,XTGZJHMQOUYHPZ-UHFFFAOYSA-N,233.76783,BrCl2Rb,236.27,Cl[Br-]Cl.[Rb+],Cl[Br-]Cl.[Rb+],0,233.76783,4,0,0,0,0,0,0,0,2,-1,23694843
100,1,13.5,1,1,0,0000037188420000000000000000000000000000000000000000000000000000000000000000001C00100000000000C100040000004000008000000640000000000002000800800000000000000000000000000000000000000000000000000000000000000000000000000000000000000000,lithium vinylazanide,lithium ethenylazanide,lithium ethenylazanide,lithium ethenylazanide,lithium ethenylazanide,lithium vinylazanide,"InChI=1S/C2H4N.Li/c1-2-3;/h2-3H,1H2;/q-1;+1",KWVJOPHXLUORKH-UHFFFAOYSA-N,49.05037757,C2H4LiN,49.0,[Li+].C=C[NH-],[Li+].C=C[NH-],1,49.05037757,4,0,0,0,0,0,0,0,2,-1,129875527
101,1,3.2,1,0,0,00000371030000000000000008000000000000000000000000000000000000000000000000004000000000000000000000000000000000000000000000000000000000000000000000000000000000000000000000000000000000000000000000000000000000000000000000000000000000,,,,,,,InChI=1S/B3.Rb/c1-3-2;/q-1;+1,HUZVPMMJARTLTR-UHFFFAOYSA-N,117.9397052,B3Rb,117.9,[B][B-][B].[Rb+],[B][B-][B].[Rb+],0,117.9397052,4,0,0,0,0,0,0,0,2,-1,153438311
102,1,6,1,1,0,0000037180420000004000000000000000000000000000000000000000000000000000000000001C00100000000000C100040200004000000000000000000000000000000000800000000000000000000000000010000000000000000000000000000000000000000000000000000000000000,potassium ethylazanide,potassium ethylazanide,potassium ethylazanide,potassium ethylazanide,potassium ethylazanide,potassium ethylazanide,"InChI=1S/C2H6N.K/c1-2-3;/h3H,2H2,1H3;/q-1;+1",NBRBEIWJQOMRHD-UHFFFAOYSA-N,83.01373068,C2H6KN,83.17,CC[NH-].[K+],CC[NH-].[K+],1,83.01373068,4,0,0,0,0,0,0,0,2,-1,129678136
103,1,13.5,1,0,0,00000371084000000010000000000000000000000000000000000000000000000000000000000018004000000100008000000000000000008000000200000000000000000000000000000000000000000000000000000000000000000000000000000000000000000000000000000000000000,lithium bromoethylene,lithium bromoethene,lithium bromoethene,lithium bromoethene,lithium bromanylethene,lithium bromoethylene,InChI=1S/C2H2Br.Li/c1-2-3;/h1H2;/q-1;+1,AOMOBNNEBKNSDH-UHFFFAOYSA-N,111.94999,C2H2BrLi,112.9,[Li+].C=[C-]Br,[Li+].C=[C-]Br,0,111.94999,4,0,0,0,0,0,0,0,2,-1,85850053
104,1,10.8,3,1,0,00000371000300000040000000000000000000000000000000000000000000000000000000000000001800000000000000000000000200000200000000000000000000000000000000000000000000000000000000000000000000000000000000000000000000000000000000000000000000,potassium hydrazinylideneazanide,potassium hydrazinylideneazanide,potassium hydrazinylideneazanide,potassium hydrazinylideneazanide,potassium diazanylideneazanide,potassium hydrazonoazanide,"InChI=1S/K.H2N3/c;1-3-2/h;(H2-,1,2)/q+1;-1",CVAFMVMLJFZLFJ-UHFFFAOYSA-N,82.98857856,H2KN3,83.135,NN=[N-].[K+],NN=[N-].[K+],39.4,82.98857856,4,0,0,0,0,0,0,0,2,-1,21063311
105,1,4.8,1,0,0,00000371080020000002000000000000000000000000000000000000000000000000000000000000000000000000000000000000000000000000000000000000000000000000000000000000000000000000000000000000000000000000000000000000000000000000000000000000000000,lithium hypoiodite,lithium hypoiodite,lithium hypoiodite,lithium hypoiodite,lithium hypoiodite,lithium hypoiodite,InChI=1S/IO.Li/c1-2;/q-1;+1,IUCHDKDEPALKHU-UHFFFAOYSA-N,149.91539,ILiO,149.9,[Li+].[O-]I,[Li+].[O-]I,23.1,149.91539,3,0,0,0,0,0,0,0,2,-1,140455213
106,1,4.8,2,0,0,00000371000021000040000000000000000000000000000000000000000000000000000000000000000000000000000000000000000000000000000000000000000000000000000000000000000000000000000000000000000000000000000000000000000000000000000000000000000000,potassium hypofluorite,potassium hypofluorite,potassium hypofluorite,potassium hypofluorite,potassium hypofluorite,potassium hypofluorite,InChI=1S/FO.K/c1-2;/q-1;+1,FGMDLONQELOFGF-UHFFFAOYSA-N,73.95702427,FKO,74.096,[O-]F.[K+],[O-]F.[K+],23.1,73.95702427,3,0,0,0,0,0,0,0,2,-1,22967321
107,1,10.3,1,1,0,0000037108420000000000000000000000000000000000000000000000000000000000000000001C00100000000000C100040000004000008000000640000000000002000800800000000000000000000000000000000000000000000000000000000000000000000000000000000000000000,,,,,,,InChI=1S/C2H3N.Li/c1-2-3;/h1-3H;/q-1;,AYMAMYQYJPIBSF-UHFFFAOYSA-N,48.04255253,C2H3LiN-,48.0,[Li].[CH]=C[NH-],[Li].[CH]=C[NH-],1,48.04255253,4,0,0,0,0,0,0,0,2,-1,100982396
108,1,6,3,0,0,00000371020001A00000000000000000000000000000000000000000000000000000000000000400000000000000000000000000000000000000000000000000000000000000000000000000000000000000000000000000000000000000000000000000000000000000000000000000000000,,,,,,,InChI=1S/BF2.Na/c2-1-3;/q-1;+1,JVJRDGCARWEMLE-UHFFFAOYSA-N,71.9958808,BF2Na,71.80,[B-](F)F.[Na+],[B-](F)F.[Na+],0,71.9958808,4,0,0,0,0,0,0,0,2,-1,18727909
109,1,8,1,0,0,00000371080000000410000000000000000000000000000000000000000000000000000000000010024000000040000000400000000000000000000000000000000000000000000000000000000000000000000000000000000000000000000000000000000000000000000000000000000000,lithium bromo(chloro)methane,lithium bromo(chloro)methane,lithium bromo(chloro)methane,lithium bromo(chloro)methane,lithium bromanyl(chloranyl)methane,lithium bromo(chloro)methane,InChI=1S/CHBrCl.Li/c2-1-3;/h1H;/q-1;+1,LVRDTLRLVCJVCD-UHFFFAOYSA-N,133.91102,CHBrClLi,135.3,[Li+].[CH-](Cl)Br,[Li+].[CH-](Cl)Br,0,133.91102,4,0,0,0,0,0,0,0,2,-1,11815407
110,1,8,1,1,0,00000371000200000042000000000000000000000000000000000000000000000000000000000014003000000000000000040000004000000000000000000000000000000000800000000000000000000000000000000000000000000000000000000000000000000000000000000000000000,potassium iodomethylazanide,potassium iodomethylazanide,potassium iodomethylazanide,potassium iodomethylazanide,potassium iodanylmethylazanide,potassium iodomethylazanide,"InChI=1S/CH3IN.K/c2-1-3;/h3H,1H2;/q-1;+1",WUSVEROILJQION-UHFFFAOYSA-N,194.89473,CH3IKN,195.044,C([NH-])I.[K+],C([NH-])I.[K+],1,194.89473,4,0,0,0,0,0,0,0,2,-1,58529206
111,1,6,2,1,0,0000037180420020000000000000000000000000000000000000000000000000000000000000001C00100000000000C100040000004000000000000000000000000000000000800000000000000000000000000010000000000000000000000000000000000000000000000000000000000000,sodium ethanamine,sodium ethanamine,sodium ethanamine,sodium ethanamine,sodium ethanamine,sodium ethylamine,InChI=1S/C2H6N.Na/c1-2-3;/h1-3H2;/q-1;+1,RSRVPDPGOVAKHM-UHFFFAOYSA-N,67.03979348,C2H6NNa,67.07,[CH2-]CN.[Na+],[CH2-]CN.[Na+],26,67.03979348,4,0,0,0,0,0,0,0,2,-1,140659928
112,1,8,2,0,0,00000371000021200000000000000000000000000000000000000000000000000000000000000013000000000000000000020000000000000000000000000000000000000000000000000000000000000000000000000000000000000000000000000000000000000000000000000000000000,sodium fluoromethanolate,sodium fluoromethanolate,sodium fluoromethanolate,sodium fluoromethanolate,sodium fluoranylmethanolate,sodium fluoromethanolate,InChI=1S/CH2FO.Na/c2-1-3;/h1H2;/q-1;+1,MTPBXFVKUIIPBJ-UHFFFAOYSA-N,71.99873713,CH2FNaO,72.014,C([O-])F.[Na+],C([O-])F.[Na+],23.1,71.99873713,4,0,0,0,0,0,0,0,2,-1,140440825
113,1,6,1,0,0,00000371020000000043000000000000000000000000000000000000000000000000000000000000000000000000000000000000000000000000000000000000000000000000000000000000000000000000000000000000000000000000000000000000000000000000000000000000000000,,,,,,,InChI=1S/BI2.K/c1-3-2;/q-1;+1,DBKCCGJWSSBDCF-UHFFFAOYSA-N,303.78196,BI2K,303.72,[B][I-]I.[K+],[B][I-]I.[K+],0,303.78196,4,0,0,0,0,0,0,0,2,-1,20829522
114,1,34.5,2,0,0,00000371000220000040000000000000000000000000000000000000000000000000000000000006000000000000000000000000000000001000000000000000000000000000000000000000000000000000000000000000000000000000000000000000000000000000000000000000000000,potassium cyanate,potassium cyanate,potassium cyanate,potassium cyanate,potassium cyanate,potassium cyanate,InChI=1S/CHNO.K/c2-1-3;/h3H;/q;+1/p-1,GKKCIDNWFBPDBW-UHFFFAOYSA-M,80.96169511,CKNO,81.115,C(#N)[O-].[K+],C(#N)[O-].[K+],46.9,80.96169511,4,0,0,0,0,0,0,0,2,-1,11378442
115,1,34.5,2,0,0,00000371020200200000000000000000000000000000000000000000000000000000000000002004000000000000000000000000000000001000000000000000000000000000000000000000000000000000000000000000000000000000000000000000000000000000000000000000000000,,,,,,,InChI=1S/CBN.Na/c2-1-3;/q-1;+1,BEOOHQFXGBMRKU-UHFFFAOYSA-N,60.0021485,CBNNa,59.82,[B-]C#N.[Na+],[B-]C#N.[Na+],23.8,60.0021485,4,0,0,0,0,0,0,0,2,-1,20587905
116,1,29.3,1,0,0,0000037100420000004000000000000000000000000000000000000000000000000000000000001C000000000000008100000000000000004008000000000000000000000000000000000000000000000000000000000000000000000000000000000000000000000000000000000000000000,,,,,,,InChI=1S/C2HN.K/c1-2-3;/h1H;/q-1;,BNWZDHMRPAMYFG-UHFFFAOYSA-N,77.97460552,C2HKN-,78.13,C#C[N-].[K],C#C[N-].[K],1,77.97460552,4,0,0,0,0,0,0,0,2,-1,101754802
117,1,32.5,1,0,0,0000037108402000000000000000000000000000000000000000000000000000000000000000001A000000000000008080000000000000004008000000000000000000000000000000000000000000000000000000000000000000000000000000000000000000000000000000000000000000,lithium ethynolate,lithium ethynolate,lithium ethynolate,lithium ethynolate,lithium ethynolate,lithium ethynolate,"InChI=1S/C2H2O.Li/c1-2-3;/h1,3H;/q;+1/p-1",BXBYEBMPIYXAHM-UHFFFAOYSA-M,48.01874309,C2HLiO,48.0,[Li+].C#C[O-],[Li+].C#C[O-],23.1,48.01874309,4,0,0,0,0,0,0,0,2,-1,157489353
118,1,8,2,0,0,00000371000001200002000000000000000000000000000000000000000000000000000000000010002000000000000000000200000000000000000000000000000000000000000000000000000000000000000000000000000000000000000000000000000000000000000000000000000000,sodium fluoroiodanuidylmethane,sodium fluoroiodanuidylmethane,sodium fluoroiodanuidylmethane,sodium fluoroiodanuidylmethane,sodium fluoranyliodanuidylmethane,sodium fluoroiodanuidylmethane,InChI=1S/CH3FI.Na/c1-3-2;/h1H3;/q-1;+1,HPVRLRKBDFWGHQ-UHFFFAOYSA-N,183.91612,CH3FINa,183.927,C[I-]F.[Na+],C[I-]F.[Na+],0,183.91612,4,0,0,0,0,0,0,0,2,-1,58841526
119,1,13.5,2,0,0,00000371004001200000000000000000000000000000000000000000000000000000000000000019000000000000008000000000000000008000000200000000000000000800000000000000000000000000000000000000000000000000000000000000000000000000000000000000000000,sodium fluoroethylene,sodium fluoroethene,sodium fluoroethene,sodium fluoroethene,sodium fluoranylethene,sodium fluoroethylene,InChI=1S/C2H2F.Na/c1-2-3;/h1-2H;/q-1;+1,JNFXKEQBVMNKFP-UHFFFAOYSA-N,68.00382251,C2H2FNa,68.03,[CH-]=CF.[Na+],[CH-]=CF.[Na+],0,68.00382251,4,0,0,0,0,0,0,0,2,-1,71417853
120,1,6,3,2,0,00000371020030000000000008000000000000000000000000000000000000000000000000000800000008000000000000000000000000000000000000000000000000000000000000000000000000000000000000000000000000000000000000000000000000000000000000000000000000,,,,,,,InChI=1S/BH2O2.Rb/c2-1-3;/h2-3H;/q-1;+1,FEMWMZRKGUAIOG-UHFFFAOYSA-N,129.9265742,BH2O2Rb,130.30,[B-](O)O.[Rb+],[B-](O)O.[Rb+],40.5,129.9265742,4,0,0,0,0,0,0,0,2,-1,59091021
121,1,4.8,1,0,0,00000371000020000000000008000000000000000000000000000000000000000000000000000012000000000000000000020000000000000000000000000000000000000000000000000000000000000000000000000000000000000000000000000000000000000000000000000000000000,,,,,,,InChI=1S/CH2O.Rb/c1-2;/h1H2;/q-1;+1,ZQNLNDKBINOBNB-UHFFFAOYSA-N,114.92235442,CH2ORb,115.494,[CH2-][O].[Rb+],[CH2-][O].[Rb+],1,114.92235442,3,0,0,0,0,0,0,0,2,-1,59951885
122,1,4.8,2,0,0,00000371020020200000000000000000000000000000000000000000000000000000000000000800000000000000000000000000000000000000000000000000000000000000000000000000000000000000000000000000000000000000000000000000000000000000000000000000000000,,,,,,,InChI=1S/BO.Na/c1-2;/q-1;+1,OFZRXBRIQMBTSL-UHFFFAOYSA-N,49.9939891,BNaO,49.80,[B-]=O.[Na+],[B-]=O.[Na+],17.1,49.9939891,3,0,0,0,0,0,0,0,2,-1,166048945
123,1,6,3,2,0,00000371000230200000000000000000000000000000000000000000000000000000000000000000000408000000000000000000000040000000000000000000000000000000000000000000000000000000000000000000000000000000000000000000000000000000000000000000000000,sodium dihydroxyazanide,sodium dihydroxyazanide,sodium dihydroxyazanide,sodium dihydroxyazanide,sodium bis(oxidanyl)azanide,sodium dihydroxyazanide,InChI=1S/H2NO2.Na/c2-1-3;/h2-3H;/q-1;+1,AXMNLGBHZWGBJD-UHFFFAOYSA-N,70.99832259,H2NNaO2,71.011,[N-](O)O.[Na+],[N-](O)O.[Na+],41.5,70.99832259,4,0,0,0,0,0,0,0,2,-1,171457097
124,1,4.8,1,0,0,000003710A0000000000000000000000000000000000000000000000000000000000000000002010000000000000000000000000000000000000000000000000000000000000000000000000000000000000000000000000000000000000000000000000000000000000000000000000000000,,,,,,,InChI=1S/CH2B.Li/c1-2;/h1H2;/q-1;+1,XKFYJCKERWECBM-UHFFFAOYSA-N,32.0409587,CH2BLi,31.8,[Li+].[B][CH2-],[Li+].[B][CH2-],0,32.0409587,3,0,0,0,0,0,0,0,2,-1,58997489
125,1,6,2,1,0,0000037180402000004000000000000000000000000000000000000000000000000000000000001A00000800000000A080020000000002000000000000000000000000000000000000000010000000000000000000000000000000000000000000000000000000000000000000000000000000,potassium ethanol,potassium ethanol,potassium ethanol,potassium ethanol,potassium ethanol,potassium ethanol,"InChI=1S/C2H5O.K/c1-2-3;/h3H,1-2H2;/q-1;+1",UTZQAQDNLIYAMB-UHFFFAOYSA-N,83.99774626,C2H5KO,84.16,[CH2-]CO.[K+],[CH2-]CO.[K+],20.2,83.99774626,4,0,0,0,0,0,0,0,2,-1,140678060
126,1,6,3,0,0,00000371000201800040000000000000000000000000000000000000000000000000000000000000000200000000000000000000000000000000000000000000000000000000000000000000000000000000000000000000000000000000000000000000000000000000000000000000000000,potassium difluoroazanide,potassium difluoroazanide,potassium difluoroazanide,potassium difluoroazanide,potassium bis(fluoranyl)azanide,potassium difluoroazanide,InChI=1S/F2N.K/c1-3-2;/q-1;+1,WXDQHHFMCMFENW-UHFFFAOYSA-N,90.96358681,F2KN,91.102,[N-](F)F.[K+],[N-](F)F.[K+],1,90.96358681,4,0,0,0,0,0,0,0,2,-1,59815174
127,1,13.5,1,0,0,00000371084000000400000000000000000000000000000000000000000000000000000000000018020000000000028000000000000000008000000200000000000000000000000000000000000000000000000000000000000000000000000000000000000000000000000000000000000000,lithium chloroethylene,lithium chloroethene,lithium chloroethene,lithium chloroethene,lithium chloranylethene,lithium chloroethylene,InChI=1S/C2H2Cl.Li/c1-2-3;/h1H2;/q-1;+1,ZWRHLVKKVBOMLX-UHFFFAOYSA-N,68.0005062,C2H2ClLi,68.5,[Li+].C=[C-]Cl,[Li+].C=[C-]Cl,0,68.0005062,4,0,0,0,0,0,0,0,2,-1,71352770
128,1,13.5,2,1,0,0000037108402000000000000000000000000000000000000000000000000000000000000000001A000008000000008080000000000002008000000200000000000000000000000000000000000000000000000000000000000000000000000000000000000000000000000000000000000000,lithium ethenol,lithium ethenol,lithium ethenol,lithium ethenol,lithium ethenol,lithium ethenol,"InChI=1S/C2H3O.Li/c1-2-3;/h3H,1H2;/q-1;+1",IXVPCSMGHYDXIB-UHFFFAOYSA-N,50.03439315,C2H3LiO,50.0,[Li+].C=[C-]O,[Li+].C=[C-]O,20.2,50.03439315,4,0,0,0,0,0,0,0,2,-1,71335495
129,1,4.8,2,0,0,00000371000020200000000000000000000000000000000000000000000000000000000000000012000000000000000000020000000000000800000080000000000000000000000000000000000000000000000000000000000000000000000000000000000000000000000000000000000000,sodium methanone,sodium methanone,sodium methanone,sodium methanone,sodium methanone,sodium methanone,InChI=1S/CHO.Na/c1-2;/h1H;/q-1;+1,PZNUGOULNCHZFR-UHFFFAOYSA-N,51.99250893,CHNaO,52.008,[CH-]=O.[Na+],[CH-]=O.[Na+],17.1,51.99250893,3,0,0,0,0,0,0,0,2,-1,22944142
130,1,15.5,2,0,0,00000371020020000040000000000000000000000000000000000000000000000000000000002002000000000000000000000000000000000800000000000000000000000000000000000000000000000000000000000000000000000000000000000000000000000000000000000000000000,,,,,,,InChI=1S/CBO.K/c2-1-3;/q-1;+1,ZESKRUXCIAYSGV-UHFFFAOYSA-N,77.9679263,CBKO,77.92,[B][C-]=O.[K+],[B][C-]=O.[K+],17.1,77.9679263,4,0,0,0,0,0,0,0,2,-1,23517219
131,1,6,2,1,0,0000037180402000004000000000000000000000000000000000000000000000000000000000001A00000800000000A080020000000002000000000000000000000000000000000000000010000000000000000000000000000000000000000000000000000000000000000000000000000000,potassium ethanol,potassium ethanol,potassium ethanol,potassium ethanol,potassium ethanol,potassium ethanol,"InChI=1S/C2H5O.K/c1-2-3;/h3H,1-2H2;/q-1;+1",UTZQAQDNLIYAMB-UHFFFAOYSA-N,83.99774626,C2H5KO,84.16,[CH2-]CO.[K+],[CH2-]CO.[K+],20.2,83.99774626,4,0,0,0,0,0,0,0,2,-1,140678060
132,1,32.5,1,0,0,00000371084000000002000000000000000000000000000000000000000000000000000000000008002000000000000200000000000000004000000000000000000000000000000000000000000000000000000000000000000000000000000000000000000000000000000000000000000000,lithium iodoacetylene,lithium iodoethyne,lithium iodoethyne,lithium iodoethyne,lithium iodanylethyne,lithium iodoacetylene,InChI=1S/C2I.Li/c1-2-3;/q-1;+1,BEPGMEXAMGYRHA-UHFFFAOYSA-N,157.92048,C2ILi,157.9,[Li+].[C-]#CI,[Li+].[C-]#CI,0,157.92048,4,0,0,0,0,0,0,0,2,-1,14925096
133,1,29,2,0,0,00000371080300000000000000000000000000000000000000000000000000000000000000000014000800000000000000040000000000002200000100000000000000000000000000000000000000000000000000000000000000000000000000000000000000000000000000000000000000,lithium diazomethane,lithium diazomethane,lithium diazomethane,lithium diazomethane,lithium diazomethane,lithium diazomethane,InChI=1S/CHN2.Li/c1-3-2;/h1H;/q-1;+1,ZFUVYPAHILSHEJ-UHFFFAOYSA-N,48.02997647,CHLiN2,48.0,[Li+].[CH-]=[N+]=[N-],[Li+].[CH-]=[N+]=[N-],2,48.02997647,4,0,0,0,0,0,0,0,2,-1,12460342
134,1,3.2,1,0,0,00000371000000200600000000000000000000000000000000000000000000000000000000000000000000000000000000000000000000000000000000000000000000000000000000000000000000000000000000000000000000000000000000000000000000000000000000000000000000,,,,,,,InChI=1S/Cl3.Na/c1-3-2;/q-1;+1,YVYNLIHIATTZSH-UHFFFAOYSA-N,127.896327,Cl3Na,129.34,[Na+].Cl[Cl-]Cl,[Na+].Cl[Cl-]Cl,0,127.896327,4,0,0,0,0,0,0,0,2,-1,109374094
135,1,13.5,2,1,0,00000371080300000000000000000000000000000000000000000000000000000000000000000014001800000000000000040000000200002000000100000000000000000000000000000000000000000000000000000000000000000000000000000000000000000000000000000000000000,lithium (methyleneamino)azanide,lithium (methyleneamino)azanide,lithium (methylideneamino)azanide,lithium (methylideneamino)azanide,lithium (methylideneamino)azanide,lithium (methyleneamino)azanide,"InChI=1S/CH3N2.Li/c1-3-2;/h2H,1H2;/q-1;+1",ULAAUCPSMXUHTP-UHFFFAOYSA-N,50.04562654,CH3LiN2,50.0,[Li+].C=N[NH-],[Li+].C=N[NH-],13.4,50.04562654,4,0,0,0,0,0,0,0,2,-1,129694264
136,1,2.8,2,1,0,0000037100003000004000000000000000000000000000000000000000000000000000000000000000000C000000000000000000000000000000000000000000000000000000000000000000000000000000000000000000000000000000000000000000000000000000000000000000000000,,,,,,,InChI=1S/K.H2O2/c;1-2/h;1-2H/q+1;/p-1,JAXLCNCZJFJWAK-UHFFFAOYSA-M,71.96136076,HKO2,72.105,O[O-].[K+],O[O-].[K+],43.3,71.96136076,3,0,0,0,0,0,0,0,2,-1,21526826
137,1,15.5,2,1,0,00000371000220200000000000000000000000000000000000000000000000000000000000000016001000000000000000060000004000002000000100000000000000000000000000000000000000000000000000000000000000000000000000000000000000000000000000000000000000,sodium methanimidate,sodium methanimidate,sodium methanimidate,sodium methanimidate,sodium methanimidate,sodium formimidate,"InChI=1S/CH3NO.Na/c2-1-3;/h1H,(H2,2,3);/q;+1/p-1",VBDBHFZCFWQDNI-UHFFFAOYSA-M,67.00340797,CH2NNaO,67.023,C(=N)[O-].[Na+],C(=N)[O-].[Na+],46.9,67.00340797,4,0,0,0,0,0,0,0,2,-1,101558437
138,1,15.5,2,1,0,00000371000220200000000000000000000000000000000000000000000000000000000000000016001000000000000000060000004000000800000090000000000000000000800000000000000000000000000000000000000000000000000000000000000000000000000000000000000000,sodium formylazanide,sodium formylazanide,sodium formylazanide,sodium formylazanide,sodium methanoylazanide,sodium formylazanide,"InChI=1S/CH3NO.Na/c2-1-3;/h1H,(H2,2,3);/q;+1/p-1",VBDBHFZCFWQDNI-UHFFFAOYSA-M,67.00340797,CH2NNaO,67.023,C(=O)[NH-].[Na+],C(=O)[NH-].[Na+],18.1,67.00340797,4,0,0,0,0,0,0,0,2,-1,140553376
139,1,34.5,2,0,0,00000371000220000040000000000000000000000000000000000000000000000000000000000006000000000000000000000000000000001000000000000000000000000000000000000000000000000000000000000000000000000000000000000000000000000000000000000000000000,potassium cyanate,potassium cyanate,potassium cyanate,potassium cyanate,potassium cyanate,potassium cyanate,InChI=1S/CHNO.K/c2-1-3;/h3H;/q;+1/p-1,GKKCIDNWFBPDBW-UHFFFAOYSA-M,80.96169511,CKNO,81.115,C(#N)[O-].[K+],C(#N)[O-].[K+],46.9,80.96169511,4,0,0,0,0,0,0,0,2,-1,11378442
140,1,13.5,2,0,0,000003710A0030000000000000000000000000000000000000000000000000000000000000000800000000000000000000000000000000000000000000000000000000000000000000000000000000000000000000000000000000000000000000000000000000000000000000000000000000,lithium oxido(oxo)borane,lithium oxido(oxo)borane,lithium oxido(oxo)borane,lithium oxido(oxo)borane,lithium oxidanidyl(oxidanylidene)borane,lithium keto(oxido)borane,InChI=1S/BO2.Li/c2-1-3;/q-1;+1,HZRMTWQRDMYLNW-UHFFFAOYSA-N,50.0151378,BLiO2,49.8,[Li+].B(=O)[O-],[Li+].B(=O)[O-],40.1,50.0151378,4,0,0,0,0,0,0,0,2,-1,123308
141,1,13.5,1,0,0,00000371084000000002000000000000000000000000000000000000000000000000000000000018002000000000008200000000000000008000000200000000000000000000000000000000000000000000000000000000000000000000000000000000000000000000000000000000000000,lithium iodoethylene,lithium iodoethene,lithium iodoethene,lithium iodoethene,lithium iodanylethene,lithium iodoethylene,InChI=1S/C2H2I.Li/c1-2-3;/h1H2;/q-1;+1,BNDMLFHBIKOLBM-UHFFFAOYSA-N,159.93613,C2H2ILi,159.9,[Li+].C=[C-]I,[Li+].C=[C-]I,0,159.93613,4,0,0,0,0,0,0,0,2,-1,129737715
142,1,6,1,0,0,00000371000000200418000000000000000000000000000000000000000000000000000000000000000000000000000000000000000000000000000000000000000000000000000000000000000000000000000000000000000000000000000000000000000000000000000000000000000000,,,,,,,InChI=1S/Br2Cl.Na/c1-3-2;/q-1;+1,VJWXTFPDXRUIEL-UHFFFAOYSA-N,217.79325,Br2ClNa,218.25,[Na+].[Cl-](Br)Br,[Na+].[Cl-](Br)Br,0,215.79530,4,0,0,0,0,0,0,0,2,-1,23697866
143,1,3.2,1,0,0,00000371000000200600000000000000000000000000000000000000000000000000000000000000000000000000000000000000000000000000000000000000000000000000000000000000000000000000000000000000000000000000000000000000000000000000000000000000000000,,,,,,,InChI=1S/Cl3.Na/c1-3-2;/q-1;+1,YVYNLIHIATTZSH-UHFFFAOYSA-N,127.896327,Cl3Na,129.34,[Na+].Cl[Cl-]Cl,[Na+].Cl[Cl-]Cl,0,127.896327,4,0,0,0,0,0,0,0,2,-1,109374094
144,1,13.5,2,0,0,0000037108402000000000000000000000000000000000000000000000000000000000000000001A00000000000000A080020000000000000800081080000000000000000000000000000000000000000000000000000000000000000000000000000000000000000000000000000000000000,lithium acetaldehyde,lithium acetaldehyde,lithium acetaldehyde,lithium acetaldehyde,lithium ethanal,lithium acetaldehyde,"InChI=1S/C2H3O.Li/c1-2-3;/h2H,1H2;/q-1;+1",KLFQLUVUJVTVKG-UHFFFAOYSA-N,50.03439315,C2H3LiO,50.0,[Li+].[CH2-]C=O,[Li+].[CH2-]C=O,17.1,50.03439315,4,0,0,0,0,0,0,0,2,-1,20744931
145,1,6,2,0,0,00000371884001000000000000000000000000000000000000000000000000000000000000000019000000000000008000000200000000000000000000000000000000000000000000000000000000000000000000000000000000000000000000000000000000000000000000000000000000,lithium fluoroethane,lithium fluoroethane,lithium fluoroethane,lithium fluoroethane,lithium fluoranylethane,lithium fluoroethane,"InChI=1S/C2H4F.Li/c1-2-3;/h2H,1H3;/q-1;+1",FVHKSCYVZOGOCO-UHFFFAOYSA-N,54.04570672,C2H4FLi,54.0,[Li+].C[CH-]F,[Li+].C[CH-]F,0,54.04570672,4,0,0,0,0,0,0,0,2,-1,20745101
146,1,12.8,2,0,0,00000371000200000000000000000800000000000000000000000000000000000000000000000004000000000000000000000000000000001000000000000000000000000000000000000000000000000000000000000000000000000000000000000000000000000000000000000000000000,cesium cyanide,cesium cyanide,cesium cyanide,cesium cyanide,cesium cyanide,cesium cyanide,InChI=1S/CN.Cs/c1-2;/q-1;+1,XTCPEYCUFMHXBI-UHFFFAOYSA-N,158.90852596,CCsN,158.923,[C-]#N.[Cs+],[C-]#N.[Cs+],23.8,158.90852596,3,0,0,0,0,0,0,0,2,-1,23677314
147,1,6,1,0,0,0000037100000000005A000000000000000000000000000000000000000000000000000000000000000000000000000000000000000000000000000000000000000000000000000000000000000000000000000000000000000000000000000000000000000000000000000000000000000000,,,,,,,InChI=1S/Br2I.K/c1-3-2;/q-1;+1,UHNIHQOYLOFSQE-UHFFFAOYSA-N,325.70280,Br2IK,325.81,[K+].Br[I-]Br,[K+].Br[I-]Br,0,323.70485,4,0,0,0,0,0,0,0,2,-1,129678102
148,1,2.8,2,1,0,00000371080300000000000000000000000000000000000000000000000000000000000000000000001800000000000000000000000200000200000000000000000000000000000000000000000000000000000000000000000000000000000000000000000000000000000000000000000000,lithium iminoazanide,lithium iminoazanide,lithium iminoazanide,lithium iminoazanide,lithium azanylideneazanide,lithium iminoazanide,InChI=1S/Li.HN2/c;1-2/h;1H/q+1;-1,XNLLSUJLIVGBRS-UHFFFAOYSA-N,36.02997647,HLiN2,36.0,[Li+].N=[N-],[Li+].N=[N-],24.9,36.02997647,3,0,0,0,0,0,0,0,2,-1,161759608
149,1,2.8,1,0,0,00000371004000000040000000000000000000000000000000000000000000000000000000000018000000000000008000000000000000000000000000000000000000000000000000000000000000000000000000000000000000000000000000000000000000000000000000000000000000,,,,,,,"InChI=1S/C2H3.K/c1-2;/h1H,2H2;/q-1;+1",GKHYNQZPAHFONE-UHFFFAOYSA-N,65.98718158,C2H3K,66.14,[CH2-][CH].[K+],[CH2-][CH].[K+],0,65.98718158,3,0,0,0,0,0,0,0,2,-1,57823227
150,1,13.5,2,0,0,000003710A0030000000000000000000000000000000000000000000000000000000000000000800000000000000000000000000000000000000000000000000000000000000000000000000000000000000000000000000000000000000000000000000000000000000000000000000000000,lithium oxido(oxo)borane,lithium oxido(oxo)borane,lithium oxido(oxo)borane,lithium oxido(oxo)borane,lithium oxidanidyl(oxidanylidene)borane,lithium keto(oxido)borane,InChI=1S/BO2.Li/c2-1-3;/q-1;+1,HZRMTWQRDMYLNW-UHFFFAOYSA-N,50.0151378,BLiO2,49.8,[Li+].B(=O)[O-],[Li+].B(=O)[O-],40.1,50.0151378,4,0,0,0,0,0,0,0,2,-1,123308
151,1,15.5,2,1,0,0000037188420000000000000000000000001600000000000000000000000000000000000000001C00100000000000C10004000002C000000000000000000000000000000000800800000000000000000000000010000000000000000000000000000000000000000000000000000000000000,,,,,,lithium ethylenimin-3-ide,"InChI=1S/C2H4N.Li/c1-2-3-1;/h1,3H,2H2;/q-1;+1",GQILAHRJSWKMMQ-UHFFFAOYSA-N,49.05037757,C2H4LiN,49.0,[Li+].C1[CH-]N1,[Li+].C1[CH-]N1,21.9,49.05037757,4,0,0,0,0,0,0,0,2,-1,129657746
152,1,6,1,0,0,00000371000000000418000008000000000000000000000000000000000000000000000000000000000000000000000000000000000000000000000000000000000000000000000000000000000000000000000000000000000000000000000000000000000000000000000000000000000000,,,,,,,InChI=1S/Br2Cl.Rb/c1-2-3;/q-1;+1,DXAPZNGJYPOUON-UHFFFAOYSA-N,279.71527,Br2ClRb,280.73,Cl[Br-]Br.[Rb+],Cl[Br-]Br.[Rb+],0,277.71732,4,0,0,0,0,0,0,0,2,-1,23686678
153,1,32.5,1,0,0,00000371084000000400000000000000000000000000000000000000000000000000000000000008020000000000020000000000000000004000000000000000000000000000000000000000000000000000000000000000000000000000000000000000000000000000000000000000000000,lithium chloroacetylene,lithium chloroethyne,lithium chloroethyne,lithium chloroethyne,lithium chloranylethyne,lithium chloroacetylene,InChI=1S/C2Cl.Li/c1-2-3;/q-1;+1,OUIQXDUPDANAAW-UHFFFAOYSA-N,65.9848561,C2ClLi,66.4,[Li+].[C-]#CCl,[Li+].[C-]#CCl,0,65.9848561,4,0,0,0,0,0,0,0,2,-1,12607731
154,1,13.5,2,0,0,00000371000030000002000000000800000000000000000000000000000000000000000000000000000000000000000000000000000000000000000000000000000000000000000000000000000000000000000000000000000000000000000000000000000000000000000000000000000000,cesium iodite,cesium iodite,cesium iodite,cesium iodite,cesium iodite,cesium iodite,"InChI=1S/Cs.HIO2/c;2-1-3/h;(H,2,3)/q+1;/p-1",ANTATUOZWOKGRP-UHFFFAOYSA-M,291.79975,CsIO2,291.809,[O-]I=O.[Cs+],[O-]I=O.[Cs+],40.1,291.79975,4,0,0,0,0,0,0,0,2,-1,157173515
155,1,10.8,1,0,0,00000371884000000000000000000000000000000000000000000000000000000000000000000018000000000008008000000000000000008000204200000000000000000800000000000000000001000000000000000000000000000000000000000000000000000000000000000000000000,lithium prop-1-ene,lithium 1-propene,lithium prop-1-ene,lithium prop-1-ene,lithium prop-1-ene,lithium prop-1-ene,"InChI=1S/C3H5.Li/c1-3-2;/h3H,1-2H2;/q-1;+1",VCPPTNDHEILJHD-UHFFFAOYSA-N,48.05512859,C3H5Li,48.0,[Li+].[CH2-]C=C,[Li+].[CH2-]C=C,0,48.05512859,4,0,0,0,0,0,0,0,2,-1,10986147
156,1,4.8,2,1,0,00000371080200000000000000000000000000000000000000000000000000000000000000000014001000000000000000040000004000002000000100000000000000000000000000000000000000000000000000000000000000000000000000000000000000000000000000000000000000,lithium methanimine,lithium methanimine,lithium methanimine,lithium methanimine,lithium methanimine,lithium methanidylideneamine,InChI=1S/CH2N.Li/c1-2;/h1-2H;/q-1;+1,KZOOLTZGSJJJGZ-UHFFFAOYSA-N,35.03472750,CH2LiN,35.0,[Li+].[CH-]=N,[Li+].[CH-]=N,23.9,35.03472750,3,0,0,0,0,0,0,0,2,-1,129657214
157,1,4.8,1,0,0,00000371020000000042000000000000000000000000000000000000000000000000000000000000000000000000000000000000000000000000000000000000000000000000000000000000000000000000000000000000000000000000000000000000000000000000000000000000000000,,,,,,,InChI=1S/BI.K/c1-2;/q-1;+1,YOMZKDSBGSPTAS-UHFFFAOYSA-N,176.87748,BIK,176.82,[B-]I.[K+],[B-]I.[K+],0,176.87748,3,0,0,0,0,0,0,0,2,-1,59780101
158,1,6,2,0,0,00000371000030200000000000000000000000000000000000000000000000000000000000000012000004000000000000020200000000000000000000000000000000000000000000000000000000000000000000000000000000000000000000000000000000000000000000000000000000,sodium oxidooxymethane,sodium oxidooxymethane,sodium oxidooxymethane,sodium oxidooxymethane,sodium oxidanidyloxymethane,sodium oxidooxymethane,"InChI=1S/CH4O2.Na/c1-3-2;/h2H,1H3;/q;+1/p-1",GEDZDXWNEIDNJZ-UHFFFAOYSA-M,70.00307362,CH3NaO2,70.023,CO[O-].[Na+],CO[O-].[Na+],32.3,70.00307362,4,0,0,0,0,0,0,0,2,-1,22960788
159,1,7.5,3,0,0,00000371000230000040000000000000000000000000000000000000000000000000000000000000000400000000000000000000000040000100000001000000000000000000000000000000000000000000000000000000000000000000000000000000000000000000000000000000000000,,,,,,,"InChI=1S/K.HNO2/c;2-1-3/h;(H,2,3)/p-1",LEMJDBDGPTVGML-UHFFFAOYSA-M,84.95660973,KNO2-,85.104,N(=O)[O-].[K],N(=O)[O-].[K],52.5,84.95660973,4,0,0,0,0,0,0,0,2,-1,23618828
160,1,8,2,1,0,00000371000220200002000000000000000000000000000000000000000000000000000000000000000408000000000000000000000000000000000000000000000000000000000000000000000000000000000000000000000000000000000000000000000000000000000000000000000000,sodium hydroxy(iodo)azanide,sodium hydroxy(iodo)azanide,sodium hydroxy(iodo)azanide,sodium hydroxy(iodo)azanide,sodium iodanyl(oxidanyl)azanide,sodium hydroxy(iodo)azanide,InChI=1S/HINO.Na/c1-2-3;/h3H;/q-1;+1,WQFOKLXEHIRJGC-UHFFFAOYSA-N,180.90006,HINNaO,180.908,[N-](O)I.[Na+],[N-](O)I.[Na+],21.2,180.90006,4,0,0,0,0,0,0,0,2,-1,59783154
161,1,13.5,2,0,0,00000371080030000000000000000000000000000000000000000000000000000000000000000012000000000000000000030008000000000800000088000000000000000000000000000000000000000000000000000000000000000000000000000000000000000000000000000000000000,lithium-7(1+) formate,lithium-7(1+) formate,lithium-7(1+) formate,lithium-7(1+) formate,lithium-7(1+) methanoate,lithium-7(1+) formate,"InChI=1S/CH2O2.Li/c2-1-3;/h1H,(H,2,3);/q;+1/p-1/i;1+0",XKPJKVVZOOEMPK-QMVMUTFZSA-M,52.01365770,CHLiO2,52.033,[7Li+].C(=O)[O-],[Li+].C(=O)[O-],40.1,52.01365770,4,0,0,0,0,0,0,1,2,-1,102216787
162,1,6,1,0,0,00000371080000000003000000000000000000000000000000000000000000000000000000000010002000000000000000000000000000000000000000000000000000000000000000000000000000000000000000000000000000000000000000000000000000000000000000000000000000,lithium diiodomethane,lithium diiodomethane,lithium diiodomethane,lithium diiodomethane,lithium bis(iodanyl)methane,lithium diiodomethane,InChI=1S/CHI2.Li/c2-1-3;/h1H;/q-1;+1,CJFVNCDAQSNHGT-UHFFFAOYSA-N,273.83277,CHI2Li,273.8,[Li+].[CH-](I)I,[Li+].[CH-](I)I,0,273.83277,4,0,0,0,0,0,0,0,2,-1,13215277
163,1,4.8,2,1,0,00000371020200200000000000000000000000000000000000000000000000000000000000001000001000000000000000000000000000000000000000000000000000000000000000000000000000000000000000000000000000000000000000000000000000000000000000000000000000,,,,,,,InChI=1S/BH2N.Na/c1-2;/h2H2;/q-1;+1,WMBCESITMDFWIL-UHFFFAOYSA-N,50.0177985,BH2NNa,49.83,[B-]N.[Na+],[B-]N.[Na+],26,50.0177985,3,0,0,0,0,0,0,0,2,-1,139260950
164,1,13.5,2,0,0,00000371000030000050000000000000000000000000000000000000000000000000000000000000000000000000000000000000000000000000000000000000000000000000000000000000000000000000000000000000000000000000000000000000000000000000000000000000000000,potassium bromite,potassium bromite,potassium bromite,potassium bromite,potassium bromite,potassium bromite,"InChI=1S/BrHO2.K/c2-1-3;/h(H,2,3);/q;+1/p-1",LDPWMLSYNVOMKZ-UHFFFAOYSA-M,149.87187,BrKO2,151.00,[O-]Br=O.[K+],[O-]Br=O.[K+],40.1,149.87187,4,0,0,0,0,0,0,0,2,-1,129708031
165,1,4.8,2,0,0,00000371080001000000000000000000000000000000000000000000000000000000000000000011000000000000000000000000000000000000000000000000000000000000000000000000000000000000000000000000000000000000000000000000000000000000000000000000000000,lithium fluoromethane,lithium fluoromethane,lithium fluoromethane,lithium fluoromethane,lithium fluoranylmethane,lithium fluoromethane,InChI=1S/CH2F.Li/c1-2;/h1H2;/q-1;+1,VPENHABWIYBDHO-UHFFFAOYSA-N,40.03005666,CH2FLi,40.0,[Li+].[CH2-]F,[Li+].[CH2-]F,0,40.03005666,3,0,0,0,0,0,0,0,2,-1,13351304
166,1,6,1,0,0,00000371000000000043000000000000000000000000000000000000000000000000000000000010002000000000000000000200000000000000000000000000000000000000000000000000000000000000000000000000000000000000000000000000000000000000000000000000000000,potassium iodoiodanuidylmethane,potassium iodoiodanuidylmethane,potassium iodoiodanuidylmethane,potassium iodoiodanuidylmethane,potassium iodanyliodanuidylmethane,potassium iodoiodanuidylmethane,InChI=1S/CH3I2.K/c1-3-2;/h1H3;/q-1;+1,GVKJRGOECTZMQT-UHFFFAOYSA-N,307.79613,CH3I2K,307.942,C[I-]I.[K+],C[I-]I.[K+],0,307.79613,4,0,0,0,0,0,0,0,2,-1,20829530
167,1,13.5,2,1,0,0000037108402000000000000000000000000000000000000000000000000000000000000000001A000008000000008080000000000002008000000200000000000000000000000000000000000000000000000000000000000000000000000000000000000000000000000000000000000000,lithium ethenol,lithium ethenol,lithium ethenol,lithium ethenol,lithium ethenol,lithium ethenol,"InChI=1S/C2H3O.Li/c1-2-3;/h3H,1H2;/q-1;+1",IXVPCSMGHYDXIB-UHFFFAOYSA-N,50.03439315,C2H3LiO,50.0,[Li+].C=[C-]O,[Li+].C=[C-]O,20.2,50.03439315,4,0,0,0,0,0,0,0,2,-1,71335495
168,1,8,1,0,0,00000371000020000440000000000000000000000000000000000000000000000000000000000012020000000000000000420000000000000000000000000000000000000000000000000000000000000000000000000000000000000000000000000000000000000000000000000000000000,potassium chloromethanolate,potassium chloromethanolate,potassium chloromethanolate,potassium chloromethanolate,potassium chloranylmethanolate,potassium chloromethanolate,InChI=1S/CH2ClO.K/c2-1-3;/h1H2;/q-1;+1,RYDJOACUPLMIBB-UHFFFAOYSA-N,103.9431239,CH2ClKO,104.58,C([O-])Cl.[K+],C([O-])Cl.[K+],23.1,103.9431239,4,0,0,0,0,0,0,0,2,-1,23670957
169,1,6,2,2,0,00000371880300000000000000000000000000000000000000000000000000000000000000000014001000000000000000040100004000000000000000000000000000000000800000000000000000000000000000000000000000000000000000000000000000000000000000000000000000,lithium aminomethylazanide,lithium aminomethylazanide,lithium aminomethylazanide,lithium aminomethylazanide,lithium aminomethylazanide,lithium aminomethylazanide,"InChI=1S/CH5N2.Li/c2-1-3;/h2H,1,3H2;/q-1;+1",YBXMSLUOIGFXPP-UHFFFAOYSA-N,52.06127660,CH5LiN2,52.0,[Li+].C(N)[NH-],[Li+].C(N)[NH-],27,52.06127660,4,0,0,0,0,0,0,0,2,-1,102460855
170,1,32.5,1,0,0,0000037108402000000000000000000000000000000000000000000000000000000000000000001A000000000000008080000000000000004008000000000000000000000000000000000000000000000000000000000000000000000000000000000000000000000000000000000000000000,lithium ethynolate,lithium ethynolate,lithium ethynolate,lithium ethynolate,lithium ethynolate,lithium ethynolate,"InChI=1S/C2H2O.Li/c1-2-3;/h1,3H;/q;+1/p-1",BXBYEBMPIYXAHM-UHFFFAOYSA-M,48.01874309,C2HLiO,48.0,[Li+].C#C[O-],[Li+].C#C[O-],23.1,48.01874309,4,0,0,0,0,0,0,0,2,-1,157489353
171,1,6,2,1,0,000003710B0020000000000000000000000000000000000000000000000000000000000000004800000008000000000000000000000000000000000000000000000000000000000000000000000000000000000000000000000000000000000000000000000000000000000000000000000000,,,,,,,InChI=1S/B2HO.Li/c1-2-3;/h3H;/q-1;+1,RACLXFULXONJGF-UHFFFAOYSA-N,46.0373534,B2HLiO,45.6,[Li+].[B][B-]O,[Li+].[B][B-]O,20.2,46.0373534,4,0,0,0,0,0,0,0,2,-1,156621432
172,1,12.8,2,0,0,00000371020200200000000000000000000000000000000000000000000000000000000000009000000000000000000000000000000000000000000000000000000000000000000000000000000000000000000000000000000000000000000000000000000000000000000000000000000000,sodium nitridoboranuide,sodium nitriloboranuide,sodium azanylidyneboranuide,sodium azanylidyneboranuide,sodium azanylidyneboranuide,sodium nitriloboranuide,InChI=1S/BHN.Na/c1-2;/h1H;/q-1;+1,UITWFJCBDSJKTJ-UHFFFAOYSA-N,49.0099735,BHNNa,48.82,[BH-]#N.[Na+],[BH-]#N.[Na+],23.8,49.0099735,3,0,0,0,0,0,0,0,2,-1,161103746
173,1,6,1,0,0,00000371CA400000000000000000000000000000000000000000000000000000000000000000A010000000000000000000000200000000000000000000000000000000000000000000000000000000000000000000000000000000000000000000000000000000000000000000000000000000,lithium dimethylboranuide,lithium dimethylboranuide,lithium dimethylboranuide,lithium dimethylboranuide,lithium dimethylboranuide,lithium dimethylboranuide,"InChI=1S/C2H8B.Li/c1-3-2;/h3H2,1-2H3;/q-1;+1",OAYAQSMKBWLISE-UHFFFAOYSA-N,50.0879089,C2H8BLi,49.9,[Li+].[BH2-](C)C,[Li+].[BH2-](C)C,0,50.0879089,4,0,0,0,0,0,0,0,2,-1,23666607
174,1,13.5,2,0,0,0000037108402000000000000000000000000000000000000000000000000000000000000000001A00000000000000A080020000000000000800081080000000000000000000000000000000000000000000000000000000000000000000000000000000000000000000000000000000000000,lithium acetaldehyde,lithium acetaldehyde,lithium acetaldehyde,lithium acetaldehyde,lithium ethanal,lithium acetaldehyde,"InChI=1S/C2H3O.Li/c1-2-3;/h2H,1H2;/q-1;+1",KLFQLUVUJVTVKG-UHFFFAOYSA-N,50.03439315,C2H3LiO,50.0,[Li+].[CH2-]C=O,[Li+].[CH2-]C=O,17.1,50.03439315,4,0,0,0,0,0,0,0,2,-1,20744931
175,1,6,3,2,0,00000371000230200000000000000000000000000000000000000000000000000000000000000000000408000000000000000000000040000000000000000000000000000000000000000000000000000000000000000000000000000000000000000000000000000000000000000000000000,sodium dihydroxyazanide,sodium dihydroxyazanide,sodium dihydroxyazanide,sodium dihydroxyazanide,sodium bis(oxidanyl)azanide,sodium dihydroxyazanide,InChI=1S/H2NO2.Na/c2-1-3;/h2-3H;/q-1;+1,AXMNLGBHZWGBJD-UHFFFAOYSA-N,70.99832259,H2NNaO2,71.011,[N-](O)O.[Na+],[N-](O)O.[Na+],41.5,70.99832259,4,0,0,0,0,0,0,0,2,-1,171457097
176,1,6,2,0,0,00000371000030200400000000000000000000000000000000000000000000000000000000000000000004000000000000000000000000000000000000000000000000000000000000000000000000000000000000000000000000000000000000000000000000000000000000000000000000,sodium oxido hypochlorite,sodium hypochlorous acid oxido ester,sodium oxido hypochlorite,sodium oxido hypochlorite,sodium oxidanidyl hypochlorite,sodium hypochlorous acid oxido ester,InChI=1S/ClHO2.Na/c1-3-2;/h2H;/q;+1/p-1,BFVCZKBYHUTMSE-UHFFFAOYSA-M,89.9484512,ClNaO2,90.44,[O-]OCl.[Na+],[O-]OCl.[Na+],32.3,89.9484512,4,0,0,0,0,0,0,0,2,-1,58273116
177,1,32.5,2,0,0,00000371084200000000000000000000000000000000000000000000000000000000000000000014000000000000000000040000020000001000000000000000000000000000000000000000000000000000000000000000000000000000000000000000000000000000000000000000000000,lithium isocyanomethane,lithium isocyanomethane,lithium isocyanomethane,lithium isocyanomethane,lithium isocyanomethane,lithium isocyanomethane,InChI=1S/C2H2N.Li/c1-3-2;/h1H2;/q-1;+1,FMJFNCBDNBSXLT-UHFFFAOYSA-N,47.03472750,C2H2LiN,47.0,[Li+].[CH2-][N+]#[C-],[Li+].[CH2-][N+]#[C-],4.4,47.03472750,4,0,0,0,0,0,0,0,2,-1,11040616
178,1,15.5,2,0,0,00000371000020000440000000000000000000000000000000000000000000000000000000000002020000000000000000000000000000000800000800000000000000000000000000000000000000000000000000000000000000000000000000000000000000000000000000000000000000,potassium chloromethanone,potassium chloromethanone,potassium chloromethanone,potassium chloromethanone,potassium chloranylmethanone,potassium chloromethanone,InChI=1S/CClO.K/c2-1-3;/q-1;+1,VBEZKLCKQOEMDB-UHFFFAOYSA-N,101.9274738,CClKO,102.56,[C-](=O)Cl.[K+],[C-](=O)Cl.[K+],17.1,101.9274738,4,0,0,0,0,0,0,0,2,-1,58482386
179,1,4.8,1,0,0,00000371080000000010000000000000000000000000000000000000000000000000000000000010004000000040000000000000000000000000000000000000000000000000000000000000000000000000000000000000000000000000000000000000000000000000000000000000000000,lithium bromomethane,lithium bromomethane,lithium bromomethane,lithium bromomethane,lithium bromanylmethane,lithium bromomethane,InChI=1S/CH2Br.Li/c1-2;/h1H2;/q-1;+1,JLEFJNSIUHZNFU-UHFFFAOYSA-N,99.94999,CH2BrLi,100.9,[Li+].[CH2-]Br,[Li+].[CH2-]Br,0,99.94999,3,0,0,0,0,0,0,0,2,-1,11815827
180,1,13.5,2,0,0,00000371000030200000000000000000000000000000000000000000000000000000000000000012000000000000000000030008000000000800000088000000000000000000000000000000000000000000000000000000000000000000000000000000000000000000000000000000000000,sodium oxo(112C)methanolate,sodium oxo(112C)methanolate,sodium oxo(1<SUP>12</SUP>C)methanolate,sodium oxo(112C)methanolate,sodium oxidanylidene(112C)methanolate,sodium keto(112C)methanolate,"InChI=1S/CH2O2.Na/c2-1-3;/h1H,(H,2,3);/q;+1/p-1/i1+0;",HLBBKKJFGFRGMU-XUGDXVOUSA-M,67.98742355,CHNaO2,67.997,[12CH](=O)[O-].[Na+],C(=O)[O-].[Na+],40.1,67.98742355,4,0,0,0,0,0,0,1,2,-1,23680483
181,1,13.5,2,1,0,0000037180420000000000000800000000000000000000000000000000000000000000000000001C001000000000008100000200004000002000002000000000000000000000001000000000000000000000000000000000000000000000000000000000000000000000000000000000000000,ethanimine;rubidium(1+),ethanimine;rubidium(1+),ethanimine;rubidium(1+),ethanimine;rubidium(1+),ethanimine;rubidium(1+),ethylideneamine;rubidium(1+),"InChI=1S/C2H4N.Rb/c1-2-3;/h3H,1H3;/q-1;+1",BZMCBQOWXNZXAE-UHFFFAOYSA-N,126.94616387,C2H4NRb,127.53,C[C-]=N.[Rb+],C[C-]=N.[Rb+],23.9,126.94616387,4,0,0,0,0,0,0,0,2,-1,59673869
182,1,13.5,2,0,0,00000371000030000400000008000000000000000000000000000000000000000000000000000000000000000000000000000000000000000000000000000000000000000000000000000000000000000000000000000000000000000000000000000000000000000000000000000000000000,rubidium(1+) chlorite,rubidium(1+) chlorite,rubidium(1+) chlorite,rubidium(1+) chlorite,rubidium(1+) chlorite,rubidium(1+) chlorite,"InChI=1S/ClHO2.Rb/c2-1-3;/h(H,2,3);/q;+1/p-1",LAFNMLKUUNXYNZ-UHFFFAOYSA-M,151.8704717,ClO2Rb,152.92,[O-]Cl=O.[Rb+],[O-]Cl=O.[Rb+],40.1,151.8704717,4,0,0,0,0,0,0,0,2,-1,129692527
183,1,3.2,3,1,0,0000037100003020000000000000000000000000000000000000000000000000000000000000000000000C000000000000000000000000000000000000000000000000000000000000000000000000000000000000000000000000000000000000000000000000000000000000000000000000,,,,,,,InChI=1S/Na.H2O3/c;1-3-2/h;1-2H/q+1;/p-1,LENJINCTLLSSLB-UHFFFAOYSA-M,71.98233817,HNaO3,71.996,OO[O-].[Na+],OO[O-].[Na+],52.5,71.98233817,4,0,0,0,0,0,0,0,2,-1,162781858
184,1,34.5,2,0,0,000003710A020000000000000000000000000000000000000000000000000000000000000000A004000000000000000000000000000000001000000000000000000000000000000000000000000000000000000000000000000000000000000000000000000000000000000000000000000000,lithium cyanoboranuide,lithium cyanoboranuide,lithium cyanoboranuide,lithium cyanoboranuide,lithium cyanoboranuide,lithium cyanoboranuide,InChI=1S/CH3BN.Li/c2-1-3;/h2H3;/q-1;+1,BVPYSTXNSVZEEC-UHFFFAOYSA-N,47.0518577,CH3BLiN,46.8,[Li+].[BH3-]C#N,[Li+].[BH3-]C#N,23.8,47.0518577,4,0,0,0,0,0,0,0,2,-1,131710163
185,1,29,1,0,0,000003710A4000000000000000000000000010000000000000000000000000000000000000002018000000000000008000000000000000008000000200000000000000000800000000000000000000000000000000000000000000000000000000000000000000000000000000000000000000,,,,,,,InChI=1S/C2H2B.Li/c1-2-3-1;/h1-2H;/q-1;+1,PYZVSZAXQHYJSK-UHFFFAOYSA-N,44.0409587,C2H2BLi,43.8,[Li+].[B-]1C=C1,[Li+].[B-]1C=C1,0,44.0409587,4,0,0,0,0,0,0,0,2,-1,71330138
186,1,4.8,1,0,0,00000371080000000400000000000000000000000000000000000000000000000000000000000010020000000000000000400000000000000000000000000000000000000000000000000000000000000000000000000000000000000000000000000000000000000000000000000000000000,lithium chloromethane,lithium chloromethane,lithium chloromethane,lithium chloromethane,lithium chloranylmethane,lithium chloromethane,InChI=1S/CH2Cl.Li/c1-2;/h1H2;/q-1;+1,VQEVKEKJZVEGPH-UHFFFAOYSA-N,56.0005062,CH2ClLi,56.4,[Li+].[CH2-]Cl,[Li+].[CH2-]Cl,0,56.0005062,3,0,0,0,0,0,0,0,2,-1,11768494
187,1,6,2,1,0,0000037180420000000000000800000000000000000000000000000000000000000000000000001C00100000000000C100040200004000000000000000000000000000000000800000000000000000000000000010000000000000000000000000000000000000000000000000000000000000,ethanamine;rubidium(1+),ethanamine;rubidium(1+),ethanamine;rubidium(1+),ethanamine;rubidium(1+),ethanamine;rubidium(1+),ethylamine;rubidium(1+),"InChI=1S/C2H6N.Rb/c1-2-3;/h2H,3H2,1H3;/q-1;+1",HUMRXIFBFDMUON-UHFFFAOYSA-N,128.96181393,C2H6NRb,129.54,C[CH-]N.[Rb+],C[CH-]N.[Rb+],26,128.96181393,4,0,0,0,0,0,0,0,2,-1,58604523
188,1,29.8,1,0,0,00000371084000000000000000000000000000000000000000000000000000000000000000000018000000000008008000000000000000004018000000000000000000000000000000000000000000000000000000000000000000000000000000000000000000000000000000000000000000,lithium prop-1-yne,lithium 1-propyne,lithium prop-1-yne,lithium prop-1-yne,lithium prop-1-yne,lithium prop-1-yne,"InChI=1S/C3H3.Li/c1-3-2;/h1H,2H2;/q-1;+1",GYALEKPSKJGUMV-UHFFFAOYSA-N,46.03947853,C3H3Li,46.0,[Li+].[CH2-]C#C,[Li+].[CH2-]C#C,0,46.03947853,4,0,0,0,0,0,0,0,2,-1,14487815
189,1,13.5,3,1,0,00000371000320200000000000000000000000000000000000000000000000000000000000000000001C00000000000000000000000200000100000000000000000000000000000000000000000000000000000000000000000000000000000000000000000000000000000000000000000000,sodium nitrosoazanide,sodium nitrosoazanide,sodium nitrosoazanide,sodium nitrosoazanide,sodium nitrosoazanide,sodium nitrosoazanide,"InChI=1S/H2N2O.Na/c1-2-3;/h(H2,1,3);/q;+1/p-1",WAJKSDFSQFUXRE-UHFFFAOYSA-M,67.99865694,HN2NaO,68.011,[NH-]N=O.[Na+],[NH-]N=O.[Na+],30.4,67.99865694,4,0,0,0,0,0,0,0,2,-1,161449774
190,1,6,3,2,0,00000371000320000040000000000000000000000000000000000000000000000000000000000000001C08000000000000000000000200000000000000000000000000000000000000000000000000000000000000000000000000000000000000000000000000000000000000000000000000,potassium amino(hydroxy)azanide,potassium amino(hydroxy)azanide,potassium amino(hydroxy)azanide,potassium amino(hydroxy)azanide,potassium azanyl(oxidanyl)azanide,potassium amino(hydroxy)azanide,"InChI=1S/K.H3N2O/c;1-2-3/h;3H,1H2/q+1;-1",ICVULICDKWQELJ-UHFFFAOYSA-N,85.98824421,H3KN2O,86.135,N[N-]O.[K+],N[N-]O.[K+],47.3,85.98824421,4,0,0,0,0,0,0,0,2,-1,58040490
191,1,4.8,2,1,0,00000371820020000040000000000000000000000000000000000000000000000000000000008800000008000000000000000000000000000000000000000000000000000000000000000000000000000000000000000000000000000000000000000000000000000000000000000000000000,potassium hydroxyboranuide,potassium hydroxyboranuide,potassium hydroxyboranuide,potassium hydroxyboranuide,potassium oxidanylboranuide,potassium hydroxyboranuide,"InChI=1S/BH4O.K/c1-2;/h2H,1H3;/q-1;+1",RQXCNPONPMKLKR-UHFFFAOYSA-N,69.9992264,BH4KO,69.94,[BH3-]O.[K+],[BH3-]O.[K+],20.2,69.9992264,3,0,0,0,0,0,0,0,2,-1,160703337
192,1,8,1,0,0,00000371080000000402000000000000000000000000000000000000000000000000000000000010022000000000000000400000000000000000000000000000000000000000000000000000000000000000000000000000000000000000000000000000000000000000000000000000000000,lithium chloro(iodo)methane,lithium chloro(iodo)methane,lithium chloro(iodo)methane,lithium chloro(iodo)methane,lithium chloranyl(iodanyl)methane,lithium chloro(iodo)methane,InChI=1S/CHClI.Li/c2-1-3;/h1H;/q-1;+1,UNWHOFCDXLVUNW-UHFFFAOYSA-N,181.89715,CHClILi,182.3,[Li+].[CH-](Cl)I,[Li+].[CH-](Cl)I,0,181.89715,4,0,0,0,0,0,0,0,2,-1,169448209
193,1,13.5,1,0,0,00000371084000000400000000000000000000000000000000000000000000000000000000000018020000000000028000000000000000008000000200000000000000000000000000000000000000000000000000000000000000000000000000000000000000000000000000000000000000,lithium chloroethylene,lithium chloroethene,lithium chloroethene,lithium chloroethene,lithium chloranylethene,lithium chloroethylene,InChI=1S/C2H2Cl.Li/c1-2-3;/h1H2;/q-1;+1,ZWRHLVKKVBOMLX-UHFFFAOYSA-N,68.0005062,C2H2ClLi,68.5,[Li+].C=[C-]Cl,[Li+].C=[C-]Cl,0,68.0005062,4,0,0,0,0,0,0,0,2,-1,71352770
194,1,4.8,2,1,0,00000371080020000000000000000000000000000000000000000000000000000000000000000012000008000000000000020000000002000000000000000000000000000000000000000010000000000000000000000000000000000000000000000000000000000000000000000000000000,lithium methanol,lithium methanol,lithium methanol,lithium methanol,lithium methanol,lithium methanol,"InChI=1S/CH3O.Li/c1-2;/h2H,1H2;/q-1;+1",NJIBUELDESEHDG-UHFFFAOYSA-N,38.03439315,CH3LiO,38.0,[Li+].[CH2-]O,[Li+].[CH2-]O,20.2,38.03439315,3,0,0,0,0,0,0,0,2,-1,13351303
195,1,13.5,2,0,0,0000037100402020000000000000000000000000000000000000000000000000000000000000001A000000000000008080000200000000000800001000000000000000000000000000000000000000000000000000000000000000000000000000000000000000000000000000000000000000,sodium ethanone,sodium ethanone,sodium ethanone,sodium ethanone,sodium ethanone,sodium ethanone,InChI=1S/C2H3O.Na/c1-2-3;/h1H3;/q-1;+1,ZKLMBRVURGMROF-UHFFFAOYSA-N,66.00815900,C2H3NaO,66.03,C[C-]=O.[Na+],C[C-]=O.[Na+],17.1,66.00815900,4,0,0,0,0,0,0,0,2,-1,22218824
196,1,2,1,0,0,00000371000020000040000000000000000000000000000000000000000000000000000000000012000000000000000000020000000000000000000000000000000000000000000000000000000000000000000000000000000000000000000000000000000000000000000000000000000000,,,,,,,InChI=1S/CH2O.K/c1-2;/h1H2;/q-1;,ZZTBIPODNXCCEA-UHFFFAOYSA-N,68.97427117,CH2KO-,69.124,[CH2][O-].[K],[CH2][O-].[K],23.1,68.97427117,3,0,0,0,0,0,0,0,2,-1,101059734
197,1,6,1,0,0,000003718A4000000000000000000000000000000000000000000000000000000000000000002018000000000000008000000200000000000000000000000000000000000000000000000000000000000000000000000000000000000000000000000000000000000000000000000000000000,,,,,,,"InChI=1S/C2H5B.Li/c1-2-3;/h2H2,1H3;/q-1;+1",ZYKMZAIEOWGZSJ-UHFFFAOYSA-N,47.0644338,C2H5BLi,46.8,[Li+].[B-]CC,[Li+].[B-]CC,0,47.0644338,4,0,0,0,0,0,0,0,2,-1,134992350
198,1,4.8,2,0,0,00000371000220000040000000000000000000000000000000000000000000000000000000000000000400000000000000000000000000000100000000000000000000000000000000000000000000000000000000000000000000000000000000000000000000000000000000000000000000,potassium nitroxyl anion,potassium nitroxyl anion,potassium nitroxyl anion,potassium nitroxyl anion,potassium oxoazanide,potassium nitroxyl anion,InChI=1S/K.NO/c;1-2/q+1;-1,JQIHHVVFWPSCHT-UHFFFAOYSA-N,68.96169511,KNO,69.105,[N-]=O.[K+],[N-]=O.[K+],18.1,68.96169511,3,0,0,0,0,0,0,0,2,-1,154169190
199,1,13.5,1,0,0,00000371084000000002000000000000000000000000000000000000000000000000000000000018002000000000008200000000000000008000000200000000000000000000000000000000000000000000000000000000000000000000000000000000000000000000000000000000000000,lithium iodoethylene,lithium iodoethene,lithium iodoethene,lithium iodoethene,lithium iodanylethene,lithium iodoethylene,InChI=1S/C2H2I.Li/c1-2-3;/h1H2;/q-1;+1,BNDMLFHBIKOLBM-UHFFFAOYSA-N,159.93613,C2H2ILi,159.9,[Li+].C=[C-]I,[Li+].C=[C-]I,0,159.93613,4,0,0,0,0,0,0,0,2,-1,129737715
200,1,32.5,2,1,0,0000037108420000000000000000000000000000000000000000000000000000000000000000000C001000000000000100000000004000004000000000000000000000000000000000000000000000000000000000000000000000000000000000000000000000000000000000000000000000,lithium ethynamine,lithium ethynamine,lithium ethynamine,lithium ethynamine,lithium ethynamine,lithium ethynylamine,InChI=1S/C2H2N.Li/c1-2-3;/h3H2;/q-1;+1,AVBMXPSAZTWPHI-UHFFFAOYSA-N,47.03472750,C2H2LiN,47.0,[Li+].[C-]#CN,[Li+].[C-]#CN,26,47.03472750,4,0,0,0,0,0,0,0,2,-1,86144840
201,1,2.8,1,0,0,00000371004000000040000000000000000000000000000000000000000000000000000000000018000000000000008000000000000000000000000000000000000000000000000000000000000000000000000000000000000000000000000000000000000000000000000000000000000000,,,,,,,"InChI=1S/C2H3.K/c1-2;/h1H,2H2;/q-1;+1",GKHYNQZPAHFONE-UHFFFAOYSA-N,65.98718158,C2H3K,66.14,[CH2-][CH].[K+],[CH2-][CH].[K+],0,65.98718158,3,0,0,0,0,0,0,0,2,-1,57823227
202,1,15.5,2,0,0,00000371020200200000000000000000000000000000000000000000000000000000000000001014000000000000000000040000000000002000000100000000000000000000000000000000000000000000000000000000000000000000000000000000000000000000000000000000000000,,,,,,,InChI=1S/CHBN.Na/c1-3-2;/h1H;/q-1;+1,FITBEMDVYIRPLS-UHFFFAOYSA-N,61.0099735,CHBNNa,60.83,[B]N=[CH-].[Na+],[B]N=[CH-].[Na+],12.4,61.0099735,4,0,0,0,0,0,0,0,2,-1,20776120
203,1,6,2,1,0,0000037180402000000000000800000000000000000000000000000000000000000000000000001A00000800000000A080020200000002000000000000000000000000000000000000000010000000000000000000000000000000000000000000000000000000000000000000000000000000,ethanol;rubidium(1+),ethanol;rubidium(1+),ethanol;rubidium(1+),ethanol;rubidium(1+),ethanol;rubidium(1+),ethanol;rubidium(1+),"InChI=1S/C2H5O.Rb/c1-2-3;/h2-3H,1H3;/q-1;+1",CHLHJLDLQSDROT-UHFFFAOYSA-N,129.94582951,C2H5ORb,130.53,C[CH-]O.[Rb+],C[CH-]O.[Rb+],20.2,129.94582951,4,0,0,0,0,0,0,0,2,-1,162403047
204,1,12.8,2,0,0,00000371020200200000000000000000000000000000000000000000000000000000000000009000000000000000000000000000000000000000000000000000000000000000000000000000000000000000000000000000000000000000000000000000000000000000000000000000000000,sodium nitridoboranuide,sodium nitriloboranuide,sodium azanylidyneboranuide,sodium azanylidyneboranuide,sodium azanylidyneboranuide,sodium nitriloboranuide,InChI=1S/BHN.Na/c1-2;/h1H;/q-1;+1,UITWFJCBDSJKTJ-UHFFFAOYSA-N,49.0099735,BHNNa,48.82,[BH-]#N.[Na+],[BH-]#N.[Na+],23.8,49.0099735,3,0,0,0,0,0,0,0,2,-1,161103746
205,1,10.8,1,0,0,00000371884000000000000000000000000000000000000000000000000000000000000000000018000000000008008000000000000000008000204200000000000000000800000000000000000001000000000000000000000000000000000000000000000000000000000000000000000000,lithium prop-1-ene,lithium 1-propene,lithium prop-1-ene,lithium prop-1-ene,lithium prop-1-ene,lithium prop-1-ene,"InChI=1S/C3H5.Li/c1-3-2;/h3H,1-2H2;/q-1;+1",VCPPTNDHEILJHD-UHFFFAOYSA-N,48.05512859,C3H5Li,48.0,[Li+].[CH2-]C=C,[Li+].[CH2-]C=C,0,48.05512859,4,0,0,0,0,0,0,0,2,-1,10986147
206,1,6,3,0,0,00000371080001800000000000000000000000000000000000000000000000000000000000000011000000000000000000100000000000000000000000000000000000000000000000000000000000000000000000000000000000000000000000000000000000000000000000000000000000,lithium difluoromethane,lithium difluoromethane,lithium difluoromethane,lithium difluoromethane,lithium bis(fluoranyl)methane,lithium difluoromethane,InChI=1S/CHF2.Li/c2-1-3;/h1H;/q-1;+1,WTVDLVAIPZTADG-UHFFFAOYSA-N,58.02063479,CHF2Li,58.0,[Li+].[CH-](F)F,[Li+].[CH-](F)F,0,58.02063479,4,0,0,0,0,0,0,0,2,-1,140354489
207,1,4.8,2,1,0,00000371000220200000000000000000000000000000000000000000000000000000000000000000001400000000000000000000000000000000000000000000000000000000000000000000000000000000000000000000000000000000000000000000000000000000000000000000000000,,,,,,sodium oxidoamine,InChI=1S/H2NO.Na/c1-2;/h1H2;/q-1;+1,GHTRKWGYOKTOBK-UHFFFAOYSA-N,55.00340797,H2NNaO,55.012,N[O-].[Na+],N[O-].[Na+],49.1,55.00340797,3,0,0,0,0,0,0,0,2,-1,23688916
208,1,8,2,0,0,00000371080001000002000000000000000000000000000000000000000000000000000000000011002000000000000000000000000000000000000000000000000000000000000000000000000000000000000000000000000000000000000000000000000000000000000000000000000000,lithium fluoro(iodo)methane,lithium fluoro(iodo)methane,lithium fluoro(iodo)methane,lithium fluoro(iodo)methane,lithium fluoranyl(iodanyl)methane,lithium fluoro(iodo)methane,InChI=1S/CHFI.Li/c2-1-3;/h1H;/q-1;+1,FOHZSBSMJWKLPS-UHFFFAOYSA-N,165.92670,CHFILi,165.9,[Li+].[CH-](F)I,[Li+].[CH-](F)I,0,165.92670,4,0,0,0,0,0,0,0,2,-1,156024891
209,1,13.5,2,0,0,00000371000030000040000000000000000000000000000000000000000000000000000000000002000000000000000000000008000000000800000008000000000000000000000000000000000000000000000000000000000000000000000000000000000000000000000000000000000000,,,,,,,"InChI=1S/CHO2.K/c2-1-3;/h(H,2,3);/q;+1/p-1",ZGUNNOCFBFKQFP-UHFFFAOYSA-M,82.95353572,CKO2,83.108,[C](=O)[O-].[K+],[C](=O)[O-].[K+],40.1,82.95353572,4,0,0,0,0,0,0,0,2,-1,101218269
210,1,3.2,1,0,0,00000371804000000000000008000000000000000000000000000000000000000000000000000018000000000008008000000200000000000000000000000000000000000000000000000000000000000000000000000000000000000000000000000000000000000000000000000000000000,,,,,,,"InChI=1S/C3H6.Rb/c1-3-2;/h3H,1H2,2H3;/q-1;+1",OHXHQEUMQSMNHY-UHFFFAOYSA-N,126.95873993,C3H6Rb,127.55,C[CH][CH2-].[Rb+],C[CH][CH2-].[Rb+],0,126.95873993,4,0,0,0,0,0,0,0,2,-1,58825830
211,1,4.8,1,0,0,00000371080020000000000000000000000000000000000000000000000000000000000000000012000000000000000000020000000000000000000000000000000000000000000000000000000000000000000000000000000000000000000000000000000000000000000000000000000000,,,,,,,InChI=1S/CHO.Li/c1-2;/h1H;/q-1;+1,BSADQPGNEAZUJR-UHFFFAOYSA-N,36.01874309,CHLiO,36.0,[Li+].[CH][O-],[Li+].[CH][O-],23.1,36.01874309,3,0,0,0,0,0,0,0,2,-1,168737035
212,1,6,1,0,0,00000371804000000042000000000000000000000000000000000000000000000000000000000018002000000000008200000200000000000000000000000000000000000000000000000000000000000000000000000000000000000000000000000000000000000000000000000000000000,potassium iodoethane,potassium iodoethane,potassium iodoethane,potassium iodoethane,potassium iodanylethane,potassium iodoethane,"InChI=1S/C2H4I.K/c1-2-3;/h2H,1H3;/q-1;+1",UVWVABFLLBUYPM-UHFFFAOYSA-N,193.89948,C2H4IK,194.06,C[CH-]I.[K+],C[CH-]I.[K+],0,193.89948,4,0,0,0,0,0,0,0,2,-1,158336150
213,1,13.5,2,0,0,00000371084001000000000000000000000000000000000000000000000000000000000000000019000000000000008000000000000000008000000200000000000000000000000000000000000000000000000000000000000000000000000000000000000000000000000000000000000000,lithium fluoroethylene,lithium fluoroethene,lithium fluoroethene,lithium fluoroethene,lithium fluoranylethene,lithium fluoroethylene,InChI=1S/C2H2F.Li/c1-2-3;/h1H2;/q-1;+1,YEIKBDHORCHTIU-UHFFFAOYSA-N,52.03005666,C2H2FLi,52.0,[Li+].C=[C-]F,[Li+].C=[C-]F,0,52.03005666,4,0,0,0,0,0,0,0,2,-1,20820566
214,1,13.5,3,1,0,00000371000030200000000000000000000000000000000000000000000000000000000000000002000008000000000000000008000002000800000008000000000000000000000000000000000000000000000000000000000000000000000000000000000000000000000000000000000000,sodium hydroxymethanone,sodium hydroxymethanone,sodium hydroxymethanone,sodium hydroxymethanone,sodium oxidanylmethanone,sodium hydroxymethanone,"InChI=1S/CHO2.Na/c2-1-3;/h(H,2,3);/q-1;+1",ZJBDXBQESPHQOC-UHFFFAOYSA-N,67.98742355,CHNaO2,68.007,[C-](=O)O.[Na+],[C-](=O)O.[Na+],37.3,67.98742355,4,0,0,0,0,0,0,0,2,-1,13132253
215,1,4.8,1,0,0,00000371080000000002000000000000000000000000000000000000000000000000000000000010002000000000000000000000000000000000000000000000000000000000000000000000000000000000000000000000000000000000000000000000000000000000000000000000000000,lithium iodomethane,lithium iodomethane,lithium iodomethane,lithium iodomethane,lithium iodanylmethane,lithium iodomethane,InChI=1S/CH2I.Li/c1-2;/h1H2;/q-1;+1,IGZMDJBNQYQENX-UHFFFAOYSA-N,147.93613,CH2ILi,147.9,[Li+].[CH2-]I,[Li+].[CH2-]I,0,147.93613,3,0,0,0,0,0,0,0,2,-1,11332549
216,1,8,2,0,0,00000371020020200000000000000000000000000000000000000000000000000000000000000812000000000000000000020200000000000000000000000000000000000000000000000000000000000000000000000000000000000000000000000000000000000000000000000000000000,,,,,,,InChI=1S/CH3BO.Na/c1-3-2;/h1H3;/q-1;+1,WRGVLBYCXVYREY-UHFFFAOYSA-N,65.0174642,CH3BNaO,64.84,[B-]OC.[Na+],[B-]OC.[Na+],9.2,65.0174642,4,0,0,0,0,0,0,0,2,-1,23718351
217,1,4.8,2,1,0,00000371020020200000000000000000000000000000000000000000000000000000000000000800000008000000000000000000000000000000000000000000000000000000000000000000000000000000000000000000000000000000000000000000000000000000000000000000000000,,,,,,,InChI=1S/BHO.Na/c1-2;/h2H;/q-1;+1,BKDLJHHBAQLABJ-UHFFFAOYSA-N,51.0018141,BHNaO,50.81,[B-]O.[Na+],[B-]O.[Na+],20.2,51.0018141,3,0,0,0,0,0,0,0,2,-1,23717161
218,1,6,2,0,0,00000371884020000000000000000000000000000000000000000000000000000000000000000012000000000000000000020200000004000000000000000000000000000000000000000000000000000000000000000000000000000000000000000000000000000000000000000000000000,lithium methanidyloxymethane,lithium methanidyloxymethane,lithium methanidyloxymethane,lithium methanidyloxymethane,lithium methanidyloxymethane,lithium methanidyloxymethane,"InChI=1S/C2H5O.Li/c1-3-2;/h1H2,2H3;/q-1;+1",ZHEDACFPWZYHCP-UHFFFAOYSA-N,52.05004321,C2H5LiO,52.0,[Li+].CO[CH2-],[Li+].CO[CH2-],9.2,52.05004321,4,0,0,0,0,0,0,0,2,-1,10887816
219,1,4.8,1,0,0,00000371080000000400000000000000000000000000000000000000000000000000000000000010020000000000000000400000000000000000000000000000000000000000000000000000000000000000000000000000000000000000000000000000000000000000000000000000000000,lithium chloromethane,lithium chloromethane,lithium chloromethane,lithium chloromethane,lithium chloranylmethane,lithium chloromethane,InChI=1S/CH2Cl.Li/c1-2;/h1H2;/q-1;+1,VQEVKEKJZVEGPH-UHFFFAOYSA-N,56.0005062,CH2ClLi,56.4,[Li+].[CH2-]Cl,[Li+].[CH2-]Cl,0,56.0005062,3,0,0,0,0,0,0,0,2,-1,11768494
220,1,4.8,2,1,0,00000371880200000000000000000000000000000000000000000000000000000000000000000014001000000000000000040000004000000000000000000000000000000000800000000000000000000000000000000000000000000000000000000000000000000000000000000000000000,lithium methanamine,lithium methanamine,lithium methanamine,lithium methanamine,lithium methanamine,lithium methanidylamine,InChI=1S/CH4N.Li/c1-2;/h1-2H2;/q-1;+1,QUWWDJBKHQNVTQ-UHFFFAOYSA-N,37.05037757,CH4LiN,37.0,[Li+].[CH2-]N,[Li+].[CH2-]N,26,37.05037757,3,0,0,0,0,0,0,0,2,-1,13351302
221,1,32.5,2,0,0,0000037108420000000000000000000000000000000000000000000000000000000000000000001C000000000000008100000000000000001004000000000000000000000000000000000000000000000000000000000000000000000000000000000000000000000000000000000000000000,lithium acetonitrile,lithium acetonitrile,lithium acetonitrile,lithium acetonitrile,lithium ethanenitrile,lithium acetonitrile,InChI=1S/C2H2N.Li/c1-2-3;/h1H2;/q-1;+1,LTKCLJNDWMKKPC-UHFFFAOYSA-N,47.03472750,C2H2LiN,47.0,[Li+].[CH2-]C#N,[Li+].[CH2-]C#N,23.8,47.03472750,4,0,0,0,0,0,0,0,2,-1,10920438
222,1,6,3,0,0,00000371080001800000000000000000000000000000000000000000000000000000000000000011000000000000000000100000000000000000000000000000000000000000000000000000000000000000000000000000000000000000000000000000000000000000000000000000000000,lithium difluoromethane,lithium difluoromethane,lithium difluoromethane,lithium difluoromethane,lithium bis(fluoranyl)methane,lithium difluoromethane,InChI=1S/CHF2.Li/c2-1-3;/h1H;/q-1;+1,WTVDLVAIPZTADG-UHFFFAOYSA-N,58.02063479,CHF2Li,58.0,[Li+].[CH-](F)F,[Li+].[CH-](F)F,0,58.02063479,4,0,0,0,0,0,0,0,2,-1,140354489
223,1,2.8,2,1,0,00000371080300000000000000000000000000000000000000000000000000000000000000000000001800000000000000000000000200000200000000000000000000000000000000000000000000000000000000000000000000000000000000000000000000000000000000000000000000,lithium iminoazanide,lithium iminoazanide,lithium iminoazanide,lithium iminoazanide,lithium azanylideneazanide,lithium iminoazanide,InChI=1S/Li.HN2/c;1-2/h;1H/q+1;-1,XNLLSUJLIVGBRS-UHFFFAOYSA-N,36.02997647,HLiN2,36.0,[Li+].N=[N-],[Li+].N=[N-],24.9,36.02997647,3,0,0,0,0,0,0,0,2,-1,161759608
224,1,31,1,0,0,00000371020200200000000000000000000000000000000000000000000000000000000000002004000000000000000000000000000000002000000000000000000000000000000000000000000000000000000000000000000000000000000000000000000000000000000000000000000000,,,,,,,InChI=1S/CBN.Na/c2-1-3;/q-1;+1,BEOOHQFXGBMRKU-UHFFFAOYSA-N,60.0021485,CBNNa,59.82,[B]=C=[N-].[Na+],[B]=C=[N-].[Na+],1,60.0021485,4,0,0,0,0,0,0,0,2,-1,131664061
225,1,8,2,1,0,00000371880220000000000000000000000000000000000000000000000000000000000000000012001400000000000000020200000000000000000000000000000000000000000000000000000000000000000000000000000000000000000000000000000000000000000000000000000000,lithium methoxyazanide,lithium methoxyazanide,lithium methoxyazanide,lithium methoxyazanide,lithium methoxyazanide,lithium methoxyazanide,"InChI=1S/CH4NO.Li/c1-3-2;/h2H,1H3;/q-1;+1",XPGXZAKBWPCQRK-UHFFFAOYSA-N,53.04529219,CH4LiNO,53.0,[Li+].CO[NH-],[Li+].CO[NH-],10.2,53.04529219,4,0,0,0,0,0,0,0,2,-1,23685604
226,1,34.5,2,0,0,0000037102020020000000000000000000000000000000000000000000000000000000000000A004000000000000000000000000000000001000000000000000000000000000000000000000000000000000000000000000000000000000000000000000000000000000000000000000000000,,,,,,,InChI=1S/CH2BN.Na/c2-1-3;/h2H2;/q-1;+1,ZASXAWUAKDAGCP-UHFFFAOYSA-N,62.0177985,CH2BNNa,61.84,[BH2-]C#N.[Na+],[BH2-]C#N.[Na+],23.8,62.0177985,4,0,0,0,0,0,0,0,2,-1,126968433
227,1,6,1,0,0,000003718A4000000000000000000000000000000000000000000000000000000000000000002018000000000000008000000200000000000000000000000000000000000000000000000000000000000000000000000000000000000000000000000000000000000000000000000000000000,,,,,,,"InChI=1S/C2H5B.Li/c1-2-3;/h2H2,1H3;/q-1;+1",ZYKMZAIEOWGZSJ-UHFFFAOYSA-N,47.0644338,C2H5BLi,46.8,[Li+].[B-]CC,[Li+].[B-]CC,0,47.0644338,4,0,0,0,0,0,0,0,2,-1,134992350
228,1,4.8,1,0,0,00000371020000200400000000000000000000000000000000000000000000000000000000008040000000000000000000000000000000000000000000000000000000000000000000000000000000000000000000000000000000000000000000000000000000000000000000000000000000,sodium chloroboranuide,sodium chloroboranuide,sodium chloroboranuide,sodium chloroboranuide,sodium chloranylboranuide,sodium chloroboranuide,InChI=1S/BClH3.Na/c1-2;/h1H3;/q-1;+1,UJSAERYKQYEQTF-UHFFFAOYSA-N,71.9914022,BClH3Na,72.28,[BH3-]Cl.[Na+],[BH3-]Cl.[Na+],0,71.9914022,3,0,0,0,0,0,0,0,2,-1,161111143
229,1,15.5,2,1,0,00000371000220200000000000000000000000000000000000000000000000000000000000000016001000000000000000060000004000002000000100000000000000000000000000000000000000000000000000000000000000000000000000000000000000000000000000000000000000,sodium methanimidate,sodium methanimidate,sodium methanimidate,sodium methanimidate,sodium methanimidate,sodium formimidate,"InChI=1S/CH3NO.Na/c2-1-3;/h1H,(H2,2,3);/q;+1/p-1",VBDBHFZCFWQDNI-UHFFFAOYSA-M,67.00340797,CH2NNaO,67.023,C(=N)[O-].[Na+],C(=N)[O-].[Na+],46.9,67.00340797,4,0,0,0,0,0,0,0,2,-1,101558437
230,1,2,1,0,0,00000371000020000040000000000000000000000000000000000000000000000000000000000012000000000000000000020000000000000000000000000000000000000000000000000000000000000000000000000000000000000000000000000000000000000000000000000000000000,,,,,,,InChI=1S/CH2O.K/c1-2;/h1H2;/q-1;,ZZTBIPODNXCCEA-UHFFFAOYSA-N,68.97427117,CH2KO-,69.124,[CH2][O-].[K],[CH2][O-].[K],23.1,68.97427117,3,0,0,0,0,0,0,0,2,-1,101059734
231,1,4.8,1,0,0,00000371000020000000000008000000000000000000000000000000000000000000000000000012000000000000000000020000000000000000000000000000000000000000000000000000000000000000000000000000000000000000000000000000000000000000000000000000000000,,,,,,,InChI=1S/CH2O.Rb/c1-2;/h1H2;/q-1;+1,ZQNLNDKBINOBNB-UHFFFAOYSA-N,114.92235442,CH2ORb,115.494,[CH2-][O].[Rb+],[CH2-][O].[Rb+],1,114.92235442,3,0,0,0,0,0,0,0,2,-1,59951885
232,1,8,1,0,0,00000371000000000412000008000000000000000000000000000000000000000000000000000000000000000000000000000000000000000000000000000000000000000000000000000000000000000000000000000000000000000000000000000000000000000000000000000000000000,,,,,,,InChI=1S/BrClI.Rb/c2-1-3;/q-1;+1,QKVOXYGITXLMIM-UHFFFAOYSA-N,325.70345,BrClIRb,327.73,Cl[Br-]I.[Rb+],Cl[Br-]I.[Rb+],0,325.70345,4,0,0,0,0,0,0,0,2,-1,23670141
233,1,13.5,2,1,0,0000037188420000000000000000000000000000000000000000000000000000000000000000001C00100000000000C100040000004000008000000640000000000002000800800000000000000000000000000000000000000000000000000000000000000000000000000000000000000000,lithium ethenamine,lithium ethenamine,lithium ethenamine,lithium ethenamine,lithium ethenamine,lithium vinylamine,"InChI=1S/C2H4N.Li/c1-2-3;/h1-2H,3H2;/q-1;+1",ZGBPFOSCSMIEOV-UHFFFAOYSA-N,49.05037757,C2H4LiN,49.0,[Li+].[CH-]=CN,[Li+].[CH-]=CN,26,49.05037757,4,0,0,0,0,0,0,0,2,-1,71417849
234,1,6,1,0,0,00000371884000000010000000000000000000000000000000000000000000000000000000000018004000000140008000000000000000000000000000000000000000000000000000000000000000000000000000000000000000000000000000000000000000000000000000000000000000,lithium bromoethane,lithium bromoethane,lithium bromoethane,lithium bromoethane,lithium bromanylethane,lithium bromoethane,InChI=1S/C2H4Br.Li/c1-2-3;/h1-2H2;/q-1;+1,MJNUJYMNFYHSPF-UHFFFAOYSA-N,113.96564,C2H4BrLi,114.9,[Li+].[CH2-]CBr,[Li+].[CH2-]CBr,0,113.96564,4,0,0,0,0,0,0,0,2,-1,13358634
235,1,6,1,0,0,000003718A4000000000000000000000000000000000000000000000000000000000000000002010000000000000000000000200000000000000000000000000000000000000000000000000000000000000000000000000000000000000000000000000000000000000000000000000000000,,,,,,,InChI=1S/C2H6B.Li/c1-3-2;/h1-2H3;/q-1;+1,GPIOHDDQHQEQME-UHFFFAOYSA-N,48.0722588,C2H6BLi,47.9,[Li+].[B-](C)C,[Li+].[B-](C)C,0,48.0722588,4,0,0,0,0,0,0,0,2,-1,23710048
236,1,31,1,0,0,00000371020200200000000000000000000000000000000000000000000000000000000000002004000000000000000000000000000000002000000000000000000000000000000000000000000000000000000000000000000000000000000000000000000000000000000000000000000000,,,,,,,InChI=1S/CBN.Na/c2-1-3;/q-1;+1,BEOOHQFXGBMRKU-UHFFFAOYSA-N,60.0021485,CBNNa,59.82,[B]=C=[N-].[Na+],[B]=C=[N-].[Na+],1,60.0021485,4,0,0,0,0,0,0,0,2,-1,131664061
237,1,2.8,1,0,0,00000371004000000040000000000000000000000000000000000000000000000000000000000018000000000000008000000000000000008000000200000000000000000800000000000000000000000000000000000000000000000000000000000000000000000000000000000000000000,potassium ethylene,potassium ethene,potassium ethene,potassium ethene,potassium ethene,potassium ethylene,"InChI=1S/C2H3.K/c1-2;/h1H,2H2;/q-1;+1",GKHYNQZPAHFONE-UHFFFAOYSA-N,65.98718158,C2H3K,66.14,C=[CH-].[K+],C=[CH-].[K+],0,65.98718158,3,0,0,0,0,0,0,0,2,-1,18974580
238,1,32.5,1,0,0,00000371084000000400000000000000000000000000000000000000000000000000000000000008020000000000020000000000000000004000000000000000000000000000000000000000000000000000000000000000000000000000000000000000000000000000000000000000000000,lithium chloroacetylene,lithium chloroethyne,lithium chloroethyne,lithium chloroethyne,lithium chloranylethyne,lithium chloroacetylene,InChI=1S/C2Cl.Li/c1-2-3;/q-1;+1,OUIQXDUPDANAAW-UHFFFAOYSA-N,65.9848561,C2ClLi,66.4,[Li+].[C-]#CCl,[Li+].[C-]#CCl,0,65.9848561,4,0,0,0,0,0,0,0,2,-1,12607731
239,1,13.5,1,0,0,000003710A4000000000000000000000000000000000000000000000000000000000000000002018000000000000008000000000000000008000000200000000000000000800000000000000000000000000000000000000000000000000000000000000000000000000000000000000000000,,,,,,,InChI=1S/C2H2B.Li/c1-2-3;/h1-2H;/q-1;+1,QWQUURVNRSIMQV-UHFFFAOYSA-N,44.0409587,C2H2BLi,43.8,[Li+].[B]C=[CH-],[Li+].[B]C=[CH-],0,44.0409587,4,0,0,0,0,0,0,0,2,-1,71417848
240,1,4.8,2,0,0,00000371020020200000000000000000000000000000000000000000000000000000000000000800000000000000000000000000000000000000000000000000000000000000000000000000000000000000000000000000000000000000000000000000000000000000000000000000000000,,,,,,,InChI=1S/BO.Na/c1-2;/q-1;+1,OFZRXBRIQMBTSL-UHFFFAOYSA-N,49.9939891,BNaO,49.80,[B-]=O.[Na+],[B-]=O.[Na+],17.1,49.9939891,3,0,0,0,0,0,0,0,2,-1,166048945
241,1,6,2,1,0,00000371020030200000000000000000000000000000000000000000000000000000000000000800000008000000000000000000000000000000000000000000000000000000000000000000000000000000000000000000000000000000000000000000000000000000000000000000000000,,,,,,,InChI=1S/BHO2.Na/c2-1-3;/h2H;/q-1;+1,DDIVGYLCIIQWHO-UHFFFAOYSA-N,66.9967287,BHNaO2,66.81,[B](O)[O-].[Na+],[B](O)[O-].[Na+],43.3,66.9967287,4,0,0,0,0,0,0,0,2,-1,161671995
242,1,32.5,2,1,0,00000371080300000000000000000000000000000000000000000000000000000000000000000004001000000000000000000100004000001000000000000000000000000000000000000000000000000000000000000000000000000000000000000000000000000000000000000000000000,lithium cyanoazanide,lithium cyanoazanide,lithium cyanoazanide,lithium cyanoazanide,lithium cyanoazanide,lithium cyanoazanide,InChI=1S/CHN2.Li/c2-1-3;/h2H;/q-1;+1,DQDSXJCWKMGFPU-UHFFFAOYSA-N,48.02997647,CHLiN2,48.0,[Li+].C(#N)[NH-],[Li+].C(#N)[NH-],24.8,48.02997647,4,0,0,0,0,0,0,0,2,-1,101102651
243,1,6,2,1,0,0000037180420000000000000800000000000000000000000000000000000000000000000000001C00100000000000C100040200004000000000000000000000000000000000800000000000000000000000000010000000000000000000000000000000000000000000000000000000000000,ethanamine;rubidium(1+),ethanamine;rubidium(1+),ethanamine;rubidium(1+),ethanamine;rubidium(1+),ethanamine;rubidium(1+),ethylamine;rubidium(1+),"InChI=1S/C2H6N.Rb/c1-2-3;/h2H,3H2,1H3;/q-1;+1",HUMRXIFBFDMUON-UHFFFAOYSA-N,128.96181393,C2H6NRb,129.54,C[CH-]N.[Rb+],C[CH-]N.[Rb+],26,128.96181393,4,0,0,0,0,0,0,0,2,-1,58604523
244,1,13.5,2,0,0,00000371884200000000000000000000000000000000000000000000000000000000000000000014000000000000000000040000020000002000000104000000000000000000000000000000000000000000000000000000000000000000000000000000000000000000000000000000000000,lithium N-methanidylmethanimine,lithium N-methanidylmethanimine,lithium <I>N</I>-methanidylmethanimine,lithium N-methanidylmethanimine,lithium N-methanidylmethanimine,lithium methanidyl(methylene)amine,InChI=1S/C2H4N.Li/c1-3-2;/h1-2H2;/q-1;+1,QCYVPIBDHQGRLT-UHFFFAOYSA-N,49.05037757,C2H4LiN,49.0,[Li+].[CH2-]N=C,[Li+].[CH2-]N=C,12.4,49.05037757,4,0,0,0,0,0,0,0,2,-1,85789303
245,1,6,2,1,0,00000371020030200000000000000000000000000000000000000000000000000000000000000800000008000000000000000000000000000000000000000000000000000000000000000000000000000000000000000000000000000000000000000000000000000000000000000000000000,,,,,,,InChI=1S/BHO2.Na/c2-1-3;/h2H;/q-1;+1,DDIVGYLCIIQWHO-UHFFFAOYSA-N,66.9967287,BHNaO2,66.81,[B](O)[O-].[Na+],[B](O)[O-].[Na+],43.3,66.9967287,4,0,0,0,0,0,0,0,2,-1,161671995
246,1,6,2,0,0,00000371884001000000000000000000000000000000000000000000000000000000000000000019000000000000008000000200000000000000000000000000000000000000000000000000000000000000000000000000000000000000000000000000000000000000000000000000000000,lithium fluoroethane,lithium fluoroethane,lithium fluoroethane,lithium fluoroethane,lithium fluoranylethane,lithium fluoroethane,"InChI=1S/C2H4F.Li/c1-2-3;/h2H,1H3;/q-1;+1",FVHKSCYVZOGOCO-UHFFFAOYSA-N,54.04570672,C2H4FLi,54.0,[Li+].C[CH-]F,[Li+].C[CH-]F,0,54.04570672,4,0,0,0,0,0,0,0,2,-1,20745101
247,1,2.8,2,2,0,00000371000300200000000000000000000000000000000000000000000000000000000000000000001800000000000000000000000200000000000000000000000000020000000000000000000000000000000000000000000000000000000000000000000000000000000000000000000000,sodium aminoazanide,sodium aminoazanide,sodium aminoazanide,sodium aminoazanide,sodium azanylazanide,sodium aminoazanide,"InChI=1S/H3N2.Na/c1-2;/h1H,2H2;/q-1;+1",FISGLHSNQHXMGY-UHFFFAOYSA-N,54.01939239,H3N2Na,54.027,N[NH-].[Na+],N[NH-].[Na+],27,54.01939239,3,0,0,0,0,0,0,0,2,-1,11789120
248,1,13.5,2,0,0,00000371804200000040000000000000000000000000000000000000000000000000000000000014000000000000000000040200020000002000000104000000000000000000000000000000000000000000000000000000000000000000000000000000000000000000000000000000000000,potassium N-methylmethanimine,potassium N-methylmethanimine,potassium <I>N</I>-methylmethanimine,potassium N-methylmethanimine,potassium N-methylmethanimine,potassium methanidylidene(methyl)amine,"InChI=1S/C2H4N.K/c1-3-2;/h1H,2H3;/q-1;+1",NMUGHBODHUHAIM-UHFFFAOYSA-N,80.99808062,C2H4KN,81.16,CN=[CH-].[K+],CN=[CH-].[K+],12.4,80.99808062,4,0,0,0,0,0,0,0,2,-1,58153045
249,1,4.8,2,0,0,00000371020001200000000000000000000000000000000000000000000000000000000000000400000000000000000000000000000000000000000000000000000000000000000000000000000000000000000000000000000000000000000000000000000000000000000000000000000000,,,,,,,InChI=1S/BF.Na/c1-2;/q-1;+1,GSIHRBDMFVUGBO-UHFFFAOYSA-N,52.9974776,BFNa,52.80,[B-]F.[Na+],[B-]F.[Na+],0,52.9974776,3,0,0,0,0,0,0,0,2,-1,153488305
250,1,10.8,1,0,0,00000371884000000000000000000000000000000000000000000000000000000000000000000018000000000008008000000200000000008000204200000000000000000800000000000000000001000000000000000000000000000000000000000000000000000000000000000000000000,lithium prop-1-ene,lithium 1-propene,lithium prop-1-ene,lithium prop-1-ene,lithium prop-1-ene,lithium prop-1-ene,"InChI=1S/C3H5.Li/c1-3-2;/h1,3H,2H3;/q-1;+1",FHUOGRIBVFDICO-UHFFFAOYSA-N,48.05512859,C3H5Li,48.0,[Li+].CC=[CH-],[Li+].CC=[CH-],0,48.05512859,4,0,0,0,0,0,0,0,2,-1,10964389
251,1,6,3,2,0,00000371000320000040000000000000000000000000000000000000000000000000000000000000001C08000000000000000000000200000000000000000000000000000000000000000000000000000000000000000000000000000000000000000000000000000000000000000000000000,potassium amino(hydroxy)azanide,potassium amino(hydroxy)azanide,potassium amino(hydroxy)azanide,potassium amino(hydroxy)azanide,potassium azanyl(oxidanyl)azanide,potassium amino(hydroxy)azanide,"InChI=1S/K.H3N2O/c;1-2-3/h;3H,1H2/q+1;-1",ICVULICDKWQELJ-UHFFFAOYSA-N,85.98824421,H3KN2O,86.135,N[N-]O.[K+],N[N-]O.[K+],47.3,85.98824421,4,0,0,0,0,0,0,0,2,-1,58040490
252,1,4.8,1,0,0,00000371020000200002000000000000000000000000000000000000000000000000000000008000000000000000000000000000000000000000000000000000000000000000000000000000000000000000000000000000000000000000000000000000000000000000000000000000000000,sodium iodoboranuide,sodium iodoboranuide,sodium iodoboranuide,sodium iodoboranuide,sodium iodanylboranuide,sodium iodoboranuide,InChI=1S/BH3I.Na/c1-2;/h1H3;/q-1;+1,LEXZFJRLKNPMIK-UHFFFAOYSA-N,163.92702,BH3INa,163.73,[BH3-]I.[Na+],[BH3-]I.[Na+],0,163.92702,3,0,0,0,0,0,0,0,2,-1,159330689
253,1,6,1,0,0,00000371824000000040000000000000000000000000000000000000000000000000000000002018000000000000008000000000000000000000000000000000000000000000000000000000000000000000000000000000000000000000000000000000000000000000000000000000000000,,,,,,,InChI=1S/C2H4B.K/c1-2-3;/h1-2H2;/q-1;+1,CFYGPACLSFMNRW-UHFFFAOYSA-N,78.0043118,C2H4BK,77.96,[B]C[CH2-].[K+],[B]C[CH2-].[K+],0,78.0043118,4,0,0,0,0,0,0,0,2,-1,153059879
254,1,8,1,0,0,00000371000000000412000008000000000000000000000000000000000000000000000000000000000000000000000000000000000000000000000000000000000000000000000000000000000000000000000000000000000000000000000000000000000000000000000000000000000000,,,,,,,InChI=1S/BrClI.Rb/c1-3-2;/q-1;+1,MAUXCWUEADVRKX-UHFFFAOYSA-N,325.70345,BrClIRb,327.73,Cl[I-]Br.[Rb+],Cl[I-]Br.[Rb+],0,325.70345,4,0,0,0,0,0,0,0,2,-1,23670966
255,1,8,2,0,0,00000371080001000002000000000000000000000000000000000000000000000000000000000011002000000000000000000000000000000000000000000000000000000000000000000000000000000000000000000000000000000000000000000000000000000000000000000000000000,lithium fluoro(iodo)methane,lithium fluoro(iodo)methane,lithium fluoro(iodo)methane,lithium fluoro(iodo)methane,lithium fluoranyl(iodanyl)methane,lithium fluoro(iodo)methane,InChI=1S/CHFI.Li/c2-1-3;/h1H;/q-1;+1,FOHZSBSMJWKLPS-UHFFFAOYSA-N,165.92670,CHFILi,165.9,[Li+].[CH-](F)I,[Li+].[CH-](F)I,0,165.92670,4,0,0,0,0,0,0,0,2,-1,156024891
256,1,32.5,2,0,0,00000371004001200000000000000000000000000000000000000000000000000000000000000009000000000000000000000000000000004000000000000000000000000000000000000000000000000000000000000000000000000000000000000000000000000000000000000000000000,sodium fluoroacetylene,sodium fluoroethyne,sodium fluoroethyne,sodium fluoroethyne,sodium fluoranylethyne,sodium fluoroacetylene,InChI=1S/C2F.Na/c1-2-3;/q-1;+1,SHPBVCFVYDIOAB-UHFFFAOYSA-N,65.98817244,C2FNa,66.01,[C-]#CF.[Na+],[C-]#CF.[Na+],0,65.98817244,4,0,0,0,0,0,0,0,2,-1,160837484
257,1,6,1,0,0,00000371804000200400000000000000000000000000000000000000000000000000000000000018020000000000038000400000000000000000000000000000000000000000000000000000000000000000000000000000000000000000000000000000000000000000000000000000000000,sodium chloroethane,sodium chloroethane,sodium chloroethane,sodium chloroethane,sodium chloranylethane,sodium chloroethane,InChI=1S/C2H4Cl.Na/c1-2-3;/h1-2H2;/q-1;+1,UBVJFXLUJYNJTQ-UHFFFAOYSA-N,85.9899221,C2H4ClNa,86.49,[CH2-]CCl.[Na+],[CH2-]CCl.[Na+],0,85.9899221,4,0,0,0,0,0,0,0,2,-1,140816890
258,1,6,2,0,0,00000371000030200400000000000000000000000000000000000000000000000000000000000000000004000000000000000000000000000000000000000000000000000000000000000000000000000000000000000000000000000000000000000000000000000000000000000000000000,sodium oxido hypochlorite,sodium hypochlorous acid oxido ester,sodium oxido hypochlorite,sodium oxido hypochlorite,sodium oxidanidyl hypochlorite,sodium hypochlorous acid oxido ester,InChI=1S/ClHO2.Na/c1-3-2;/h2H;/q;+1/p-1,BFVCZKBYHUTMSE-UHFFFAOYSA-M,89.9484512,ClNaO2,90.44,[O-]OCl.[Na+],[O-]OCl.[Na+],32.3,89.9484512,4,0,0,0,0,0,0,0,2,-1,58273116
259,1,4.8,1,0,0,00000371080000000002000000000000000000000000000000000000000000000000000000000010002000000000000000000000000000000000000000000000000000000000000000000000000000000000000000000000000000000000000000000000000000000000000000000000000000,lithium iodomethane,lithium iodomethane,lithium iodomethane,lithium iodomethane,lithium iodanylmethane,lithium iodomethane,InChI=1S/CH2I.Li/c1-2;/h1H2;/q-1;+1,IGZMDJBNQYQENX-UHFFFAOYSA-N,147.93613,CH2ILi,147.9,[Li+].[CH2-]I,[Li+].[CH2-]I,0,147.93613,3,0,0,0,0,0,0,0,2,-1,11332549
260,1,4.8,1,0,0,00000371000020200000000000000000000000000000000000000000000000000000000000000012000000000000000000020200000000000000000000000000000000000000000000000000000000000000000000000000000000000000000000000000000000000000000000000000000000,sodium methanolate,sodium methanolate,sodium methanolate,sodium methanolate,sodium methanolate,sodium methanolate,InChI=1S/CH3O.Na/c1-2;/h1H3;/q-1;+1,WQDUMFSSJAZKTM-UHFFFAOYSA-N,54.00815900,CH3NaO,54.024,C[O-].[Na+],C[O-].[Na+],23.1,54.00815900,3,0,0,0,0,0,0,0,2,-1,10942334
261,1,13.5,2,1,0,00000371080300000000000000000000000000000000000000000000000000000000000000000014001800000000000000040000000200002000000100000000000000000000000000000000000000000000000000000000000000000000000000000000000000000000000000000000000000,lithium (methyleneamino)azanide,lithium (methyleneamino)azanide,lithium (methylideneamino)azanide,lithium (methylideneamino)azanide,lithium (methylideneamino)azanide,lithium (methyleneamino)azanide,"InChI=1S/CH3N2.Li/c1-3-2;/h2H,1H2;/q-1;+1",ULAAUCPSMXUHTP-UHFFFAOYSA-N,50.04562654,CH3LiN2,50.0,[Li+].C=N[NH-],[Li+].C=N[NH-],13.4,50.04562654,4,0,0,0,0,0,0,0,2,-1,129694264
262,1,4.8,1,0,0,00000371020000200000000000000000000000000000000000000000000000000000000000002010000000000000000000000200000000000000000000000000000000000000000000000000000000000000000000000000000000000000000000000000000000000000000000000000000000,,,,,,,InChI=1S/CH3B.Na/c1-2;/h1H3;/q-1;+1,VRXGUXQBUBZKDX-UHFFFAOYSA-N,49.0225495,CH3BNa,48.84,[B-]C.[Na+],[B-]C.[Na+],0,49.0225495,3,0,0,0,0,0,0,0,2,-1,57847394
263,1,8,1,0,0,00000371000000000412000008000000000000000000000000000000000000000000000000000000000000000000000000000000000000000000000000000000000000000000000000000000000000000000000000000000000000000000000000000000000000000000000000000000000000,,,,,,,InChI=1S/BrClI.Rb/c1-3-2;/q-1;+1,MAUXCWUEADVRKX-UHFFFAOYSA-N,325.70345,BrClIRb,327.73,Cl[I-]Br.[Rb+],Cl[I-]Br.[Rb+],0,325.70345,4,0,0,0,0,0,0,0,2,-1,23670966
264,1,29,1,0,0,000003710A4000000000000000000000000010000000000000000000000000000000000000002018000000000000008000000000000000008000000200000000000000000800000000000000000000000000000000000000000000000000000000000000000000000000000000000000000000,,,,,,,InChI=1S/C2H2B.Li/c1-2-3-1;/h1-2H;/q-1;+1,PYZVSZAXQHYJSK-UHFFFAOYSA-N,44.0409587,C2H2BLi,43.8,[Li+].[B-]1C=C1,[Li+].[B-]1C=C1,0,44.0409587,4,0,0,0,0,0,0,0,2,-1,71330138
265,1,13.5,2,0,0,00000371020300000040000000000000000000000000000000000000000000000000000000001000000800000000000000000000000000000200000000000000000000000000000000000000000000000000000000000000000000000000000000000000000000000000000000000000000000,,,,,,,InChI=1S/BN2.K/c1-3-2;/q-1;+1,UHOSXKCAHZLMIE-UHFFFAOYSA-N,77.9791597,BKN2,77.93,[B]N=[N-].[K+],[B]N=[N-].[K+],13.4,77.9791597,4,0,0,0,0,0,0,0,2,-1,59940102
266,1,2.8,1,0,0,00000371030000000000000008000000000000000000000000000000000000000000000000004000000000000000000000000000000000000000000000000000000000000000000000000000000000000000000000000000000000000000000000000000000000000000000000000000000000,,,,,,,InChI=1S/B2.Rb/c1-2;/q-1;+1,AXWKUOHZKSQTNT-UHFFFAOYSA-N,106.9304001,B2Rb,107.09,[B-][B].[Rb+],[B-][B].[Rb+],0,106.9304001,3,0,0,0,0,0,0,0,2,-1,153438324
267,1,3.2,1,0,0,00000371804000200000000000000000000000000000000000000000000000000000000000000018000000000008008000000200000000000000000000000000000000000000000000000000000000000000000000000000000000000000000000000000000000000000000000000000000000,sodium propane,sodium propane,sodium propane,sodium propane,sodium propane,sodium propane,"InChI=1S/C3H7.Na/c1-3-2;/h1,3H2,2H3;/q-1;+1",GHKSAWUMCVCOQW-UHFFFAOYSA-N,66.04454451,C3H7Na,66.08,CC[CH2-].[Na+],CC[CH2-].[Na+],0,66.04454451,4,0,0,0,0,0,0,0,2,-1,15162395
268,1,13.5,2,2,0,00000371080300000000000000000000000000000000000000000000000000000000000000000014001000000000000000040100004000002000000120000000008000000000800000000000000000000000000000000000000000000000000000000000000000000000000000000000000000,lithium methanimidoylazanide,lithium methanimidoylazanide,lithium methanimidoylazanide,lithium methanimidoylazanide,lithium iminomethylazanide,lithium formimidoylazanide,"InChI=1S/CH3N2.Li/c2-1-3;/h1H,(H2-,2,3);/q-1;+1",DHLUVEYMRAQFRI-UHFFFAOYSA-N,50.04562654,CH3LiN2,50.0,[Li+].C(=N)[NH-],[Li+].C(=N)[NH-],24.9,50.04562654,4,0,0,0,0,0,0,0,2,-1,141177219
269,1,15.5,2,1,0,00000371000220200010000000000000000000000000000000000000000000000000000000000000000018000000000000000000000000000000000000000000000000000000000000000000000000000000000000000000000000000000000000000000000000000000000000000000000000,sodium (hydroxy-lambda3-bromanylidene)azanide,sodium (hydroxy-lambda3-bromanylidene)azanide,sodium (hydroxy-&lambda;<SUP>3</SUP>-bromanylidene)azanide,sodium (hydroxy-lambda3-bromanylidene)azanide,sodium (oxidanyl-lambda3-bromanylidene)azanide,sodium (hydroxy-lambda3-bromanylidene)azanide,"InChI=1S/BrHNO.Na/c2-1-3;/h(H-,2,3);/q-1;+1",JSEJWXJCKKIGAN-UHFFFAOYSA-N,132.91392,BrHNNaO,133.91,[N-]=BrO.[Na+],[N-]=BrO.[Na+],21.2,132.91392,4,0,0,0,0,0,0,0,2,-1,171720340
270,1,15.5,2,0,0,00000371000220200000000000000000000000000000000000000000000000000000000000000014000400000000000000040000001000002000000100000000000000000000000000000000000000000000000000000000000000000000000000000000000000000000000000000000000000,sodium N-oxidomethanimine,sodium N-oxidomethanimine,sodium <I>N</I>-oxidomethanimine,sodium N-oxidomethanimine,sodium N-oxidanidylmethanimine,sodium methylene(oxido)amine,"InChI=1S/CH3NO.Na/c1-2-3;/h3H,1H2;/q;+1/p-1",QGHASHZBBWAMEP-UHFFFAOYSA-M,67.00340797,CH2NNaO,67.023,C=N[O-].[Na+],C=N[O-].[Na+],35.4,67.00340797,4,0,0,0,0,0,0,0,2,-1,160408535
271,1,8,1,0,0,00000371000000000412000008000000000000000000000000000000000000000000000000000000000000000000000000000000000000000000000000000000000000000000000000000000000000000000000000000000000000000000000000000000000000000000000000000000000000,,,,,,,InChI=1S/BrClI.Rb/c2-1-3;/q-1;+1,QKVOXYGITXLMIM-UHFFFAOYSA-N,325.70345,BrClIRb,327.73,Cl[Br-]I.[Rb+],Cl[Br-]I.[Rb+],0,325.70345,4,0,0,0,0,0,0,0,2,-1,23670141
272,1,4.8,1,0,0,00000371000020200000000000000000000000000000000000000000000000000000000000000012000000000000000000020200000000000000000000000000000000000000000000000000000000000000000000000000000000000000000000000000000000000000000000000000000000,sodium methanolate,sodium methanolate,sodium methanolate,sodium methanolate,sodium methanolate,sodium methanolate,InChI=1S/CH3O.Na/c1-2;/h1H3;/q-1;+1,WQDUMFSSJAZKTM-UHFFFAOYSA-N,54.00815900,CH3NaO,54.024,C[O-].[Na+],C[O-].[Na+],23.1,54.00815900,3,0,0,0,0,0,0,0,2,-1,10942334
273,1,13.5,2,2,0,00000371080300000000000000000000000000000000000000000000000000000000000000000014001000000000000000040100004000002000000120000000008000000000800000000000000000000000000000000000000000000000000000000000000000000000000000000000000000,lithium methanimidoylazanide,lithium methanimidoylazanide,lithium methanimidoylazanide,lithium methanimidoylazanide,lithium iminomethylazanide,lithium formimidoylazanide,"InChI=1S/CH3N2.Li/c2-1-3;/h1H,(H2-,2,3);/q-1;+1",DHLUVEYMRAQFRI-UHFFFAOYSA-N,50.04562654,CH3LiN2,50.0,[Li+].C(=N)[NH-],[Li+].C(=N)[NH-],24.9,50.04562654,4,0,0,0,0,0,0,0,2,-1,141177219
274,1,29,1,0,0,0000037100420020000000000000000000000000000000000000000000000000000000000000001C00000000000000810000000000000000A000002240000000000000000000000000000000000000000000000000000000000000000000000000000000000000000000000000000000000000,sodium vinylideneazanide,sodium ethenylideneazanide,sodium ethenylideneazanide,sodium ethenylideneazanide,sodium ethenylideneazanide,sodium vinylideneazanide,InChI=1S/C2H2N.Na/c1-2-3;/h1H2;/q-1;+1,HIVGCAOEHXTORC-UHFFFAOYSA-N,63.00849335,C2H2NNa,63.03,C=C=[N-].[Na+],C=C=[N-].[Na+],1,63.00849335,4,0,0,0,0,0,0,0,2,-1,101615927
275,1,13.5,2,0,0,00000371000300000040000000000000000000000000000000000000000000000000000000000014000800000000000000040200000000000200000000000000000000000000000000000000000000000000000000000000000000000000000000000000000000000000000000000000000000,potassium methyliminoazanide,potassium methyliminoazanide,potassium methyliminoazanide,potassium methyliminoazanide,potassium methyliminoazanide,potassium methyliminoazanide,InChI=1S/CH3N2.K/c1-3-2;/h1H3;/q-1;+1,UMQNMFJBWBDTAL-UHFFFAOYSA-N,81.99332959,CH3KN2,82.147,CN=[N-].[K+],CN=[N-].[K+],13.4,81.99332959,4,0,0,0,0,0,0,0,2,-1,23564021
276,1,8,1,0,0,00000371000020000440000000000000000000000000000000000000000000000000000000000012020000000000000000420000000000000000000000000000000000000000000000000000000000000000000000000000000000000000000000000000000000000000000000000000000000,potassium chloromethanolate,potassium chloromethanolate,potassium chloromethanolate,potassium chloromethanolate,potassium chloranylmethanolate,potassium chloromethanolate,InChI=1S/CH2ClO.K/c2-1-3;/h1H2;/q-1;+1,RYDJOACUPLMIBB-UHFFFAOYSA-N,103.9431239,CH2ClKO,104.58,C([O-])Cl.[K+],C([O-])Cl.[K+],23.1,103.9431239,4,0,0,0,0,0,0,0,2,-1,23670957
277,1,8,2,2,0,00000371800220000040000000000000000000000000000000000000000000000000000000000016001008000000000000060000004002000000000000000000000000000000800000010010000000000000000000000000000000000000000000000000000000000000000000000000000000,potassium hydroxymethylazanide,potassium hydroxymethylazanide,potassium hydroxymethylazanide,potassium hydroxymethylazanide,potassium hydroxymethylazanide,potassium methylolazanide,"InChI=1S/CH4NO.K/c2-1-3;/h2-3H,1H2;/q-1;+1",NWHFDMXVNHALIS-UHFFFAOYSA-N,84.99299524,CH4KNO,85.147,C([NH-])O.[K+],C([NH-])O.[K+],21.2,84.99299524,4,0,0,0,0,0,0,0,2,-1,145797293
278,1,6,1,0,0,000003718A4000000000000000000000000000000000000000000000000000000000000000002010000000000000000000000200000000000000000000000000000000000000000000000000000000000000000000000000000000000000000000000000000000000000000000000000000000,,,,,,,InChI=1S/C2H6B.Li/c1-3-2;/h1-2H3;/q-1;+1,GPIOHDDQHQEQME-UHFFFAOYSA-N,48.0722588,C2H6BLi,47.9,[Li+].[B-](C)C,[Li+].[B-](C)C,0,48.0722588,4,0,0,0,0,0,0,0,2,-1,23710048
279,1,6,3,2,0,00000371020030000000000008000000000000000000000000000000000000000000000000000800000008000000000000000000000000000000000000000000000000000000000000000000000000000000000000000000000000000000000000000000000000000000000000000000000000,,,,,,,InChI=1S/BH2O2.Rb/c2-1-3;/h2-3H;/q-1;+1,FEMWMZRKGUAIOG-UHFFFAOYSA-N,129.9265742,BH2O2Rb,130.30,[B-](O)O.[Rb+],[B-](O)O.[Rb+],40.5,129.9265742,4,0,0,0,0,0,0,0,2,-1,59091021
280,1,15.5,2,1,0,00000371000220200000000000000000000000000000000000000000000000000000000000000016001000000000000000060000004000000800000090000000000000000000800000000000000000000000000000000000000000000000000000000000000000000000000000000000000000,sodium formylazanide,sodium formylazanide,sodium formylazanide,sodium formylazanide,sodium methanoylazanide,sodium formylazanide,"InChI=1S/CH3NO.Na/c2-1-3;/h1H,(H2,2,3);/q;+1/p-1",VBDBHFZCFWQDNI-UHFFFAOYSA-M,67.00340797,CH2NNaO,67.023,C(=O)[NH-].[Na+],C(=O)[NH-].[Na+],18.1,67.00340797,4,0,0,0,0,0,0,0,2,-1,140553376
281,1,6,2,1,0,0000037180420020000000000000000000000000000000000000000000000000000000000000001400100000000000000004020002C000000000000000000000000000000000800800000000000000000000000000000000000000000000000000000000000000000000000000000000000000,sodium N-methanidylmethanamine,sodium N-methanidylmethanamine,sodium <I>N</I>-methanidylmethanamine,sodium N-methanidylmethanamine,sodium N-methanidylmethanamine,sodium methanidyl(methyl)amine,"InChI=1S/C2H6N.Na/c1-3-2;/h3H,1H2,2H3;/q-1;+1",RAADEILGMXIZSR-UHFFFAOYSA-N,67.03979348,C2H6NNa,67.07,CN[CH2-].[Na+],CN[CH2-].[Na+],12,67.03979348,4,0,0,0,0,0,0,0,2,-1,154083898
282,1,34.5,2,0,0,0000037102020020000000000000000000000000000000000000000000000000000000000000A004000000000000000000000000000000001000000000000000000000000000000000000000000000000000000000000000000000000000000000000000000000000000000000000000000000,,,,,,,InChI=1S/CH2BN.Na/c2-1-3;/h2H2;/q-1;+1,ZASXAWUAKDAGCP-UHFFFAOYSA-N,62.0177985,CH2BNNa,61.84,[BH2-]C#N.[Na+],[BH2-]C#N.[Na+],23.8,62.0177985,4,0,0,0,0,0,0,0,2,-1,126968433
283,1,15.5,2,0,0,00000371020200200000000000000000000000000000000000000000000000000000000000001014000000000000000000040000000000002000000100000000000000000000000000000000000000000000000000000000000000000000000000000000000000000000000000000000000000,,,,,,,InChI=1S/CHBN.Na/c1-3-2;/h1H;/q-1;+1,FITBEMDVYIRPLS-UHFFFAOYSA-N,61.0099735,CHBNNa,60.83,[B]N=[CH-].[Na+],[B]N=[CH-].[Na+],12.4,61.0099735,4,0,0,0,0,0,0,0,2,-1,20776120
284,1,13.5,3,1,0,00000371000030200000000000000000000000000000000000000000000000000000000000000002000008000000000000000008000002000800000008000000000000000000000000000000000000000000000000000000000000000000000000000000000000000000000000000000000000,sodium hydroxymethanone,sodium hydroxymethanone,sodium hydroxymethanone,sodium hydroxymethanone,sodium oxidanylmethanone,sodium hydroxymethanone,"InChI=1S/CHO2.Na/c2-1-3;/h(H,2,3);/q-1;+1",ZJBDXBQESPHQOC-UHFFFAOYSA-N,67.98742355,CHNaO2,68.007,[C-](=O)O.[Na+],[C-](=O)O.[Na+],37.3,67.98742355,4,0,0,0,0,0,0,0,2,-1,13132253
285,1,13.5,2,0,0,00000371000030000050000000000000000000000000000000000000000000000000000000000000000000000000000000000000000000000000000000000000000000000000000000000000000000000000000000000000000000000000000000000000000000000000000000000000000000,potassium bromite,potassium bromite,potassium bromite,potassium bromite,potassium bromite,potassium bromite,"InChI=1S/BrHO2.K/c2-1-3;/h(H,2,3);/q;+1/p-1",LDPWMLSYNVOMKZ-UHFFFAOYSA-M,149.87187,BrKO2,151.00,[O-]Br=O.[K+],[O-]Br=O.[K+],40.1,149.87187,4,0,0,0,0,0,0,0,2,-1,129708031
286,1,6,1,1,0,0000037180420000004000000000000000000000000000000000000000000000000000000000001C00100000000000C100040200004000000000000000000000000000000000800000000000000000000000000010000000000000000000000000000000000000000000000000000000000000,potassium ethylazanide,potassium ethylazanide,potassium ethylazanide,potassium ethylazanide,potassium ethylazanide,potassium ethylazanide,"InChI=1S/C2H6N.K/c1-2-3;/h3H,2H2,1H3;/q-1;+1",NBRBEIWJQOMRHD-UHFFFAOYSA-N,83.01373068,C2H6KN,83.17,CC[NH-].[K+],CC[NH-].[K+],1,83.01373068,4,0,0,0,0,0,0,0,2,-1,129678136
287,1,2.8,1,0,0,00000371804000200000000000000000000000000000000000000000000000000000000000000018000000000000008000000200000000000000000000000000000000000000000000000000000000000000000000000000000000000000000000000000000000000000000000000000000000,sodium ethane,sodium ethane,sodium ethane,sodium ethane,sodium ethane,sodium ethane,"InChI=1S/C2H5.Na/c1-2;/h1H2,2H3;/q-1;+1",IZEUYKFIAWOPOS-UHFFFAOYSA-N,52.02889444,C2H5Na,52.05,C[CH2-].[Na+],C[CH2-].[Na+],0,52.02889444,3,0,0,0,0,0,0,0,2,-1,13351308
288,1,15.5,2,1,0,0000037188420000000000000000000000001600000000000000000000000000000000000000001C00100000000000C10004000002C000000000000000000000000000000000800800000000000000000000000010000000000000000000000000000000000000000000000000000000000000,,,,,,lithium ethylenimin-3-ide,"InChI=1S/C2H4N.Li/c1-2-3-1;/h1,3H,2H2;/q-1;+1",GQILAHRJSWKMMQ-UHFFFAOYSA-N,49.05037757,C2H4LiN,49.0,[Li+].C1[CH-]N1,[Li+].C1[CH-]N1,21.9,49.05037757,4,0,0,0,0,0,0,0,2,-1,129657746
289,1,13.5,2,0,0,00000371000300000040000000000000000000000000000000000000000000000000000000000014000800000000000000040200000000000200000000000000000000000000000000000000000000000000000000000000000000000000000000000000000000000000000000000000000000,potassium methyliminoazanide,potassium methyliminoazanide,potassium methyliminoazanide,potassium methyliminoazanide,potassium methyliminoazanide,potassium methyliminoazanide,InChI=1S/CH3N2.K/c1-3-2;/h1H3;/q-1;+1,UMQNMFJBWBDTAL-UHFFFAOYSA-N,81.99332959,CH3KN2,82.147,CN=[N-].[K+],CN=[N-].[K+],13.4,81.99332959,4,0,0,0,0,0,0,0,2,-1,23564021
290,1,6,1,0,0,00000371804000000042000000000000000000000000000000000000000000000000000000000010002000000000000000000200000000000000000000000000000000000000000000000000000000000000000000000000000000000000000000000000000000000000000000000000000000,potassium methyliodanuidylmethane,potassium methyliodanuidylmethane,potassium methyliodanuidylmethane,potassium methyliodanuidylmethane,potassium methyliodanuidylmethane,potassium methyliodanuidylmethane,InChI=1S/C2H6I.K/c1-3-2;/h1-2H3;/q-1;+1,KSOGPRYOEVZMAG-UHFFFAOYSA-N,195.91513,C2H6IK,196.07,C[I-]C.[K+],C[I-]C.[K+],0,195.91513,4,0,0,0,0,0,0,0,2,-1,59894696
291,1,8,2,1,0,00000371080020000010000000000000000000000000000000000000000000000000000000000012004008000040000000020000000002000000000000000000000000000000000000000010000000000000000000000000000000000000000000000000000000000000000000000000000000,lithium bromomethanol,lithium bromomethanol,lithium bromomethanol,lithium bromomethanol,lithium bromanylmethanol,lithium bromomethanol,"InChI=1S/CH2BrO.Li/c2-1-3;/h1,3H;/q-1;+1",AHSHZIZJZHWNAB-UHFFFAOYSA-N,115.94491,CH2BrLiO,116.9,[Li+].[CH-](O)Br,[Li+].[CH-](O)Br,20.2,115.94491,4,0,0,0,0,0,0,0,2,-1,168867702
292,1,32.5,2,1,0,00000371080300000000000000000000000000000000000000000000000000000000000000000004001000000000000000000100004000001000000000000000000000000000000000000000000000000000000000000000000000000000000000000000000000000000000000000000000000,lithium cyanoazanide,lithium cyanoazanide,lithium cyanoazanide,lithium cyanoazanide,lithium cyanoazanide,lithium cyanoazanide,InChI=1S/CHN2.Li/c2-1-3;/h2H;/q-1;+1,DQDSXJCWKMGFPU-UHFFFAOYSA-N,48.02997647,CHLiN2,48.0,[Li+].C(#N)[NH-],[Li+].C(#N)[NH-],24.8,48.02997647,4,0,0,0,0,0,0,0,2,-1,101102651
293,1,15.5,2,0,0,00000371000300000040000000000000000000000000000000000000000000000000000000000000000800000000000000000000000000000200000000000000000000000000000000000000000000000000000000000000000000000000000000000000000000000000000000000000000000,potassium azide,potassium azide,potassium azide,potassium azide,potassium azide,potassium azide,InChI=1S/K.N3/c;1-3-2/q+1;-1,TZLVRPLSVNESQC-UHFFFAOYSA-N,80.97292850,KN3,81.119,[N-]=[N+]=[N-].[K+],[N-]=[N+]=[N-].[K+],3,80.97292850,4,0,0,0,0,0,0,0,2,-1,10290740
294,1,13.5,1,0,0,0000037180420000004000000000000000000000000000000000000000000000000000000000001C00000000000000C100040200000000002000102100000000000000000000001000000000000000000000000000000000000000000000000000000000000000000000000000000000000000,potassium ethylideneazanide,potassium ethylideneazanide,potassium ethylideneazanide,potassium ethylideneazanide,potassium ethylideneazanide,potassium ethylideneazanide,"InChI=1S/C2H4N.K/c1-2-3;/h2H,1H3;/q-1;+1",VCNXPQXVKUQESI-UHFFFAOYSA-N,80.99808062,C2H4KN,81.16,CC=[N-].[K+],CC=[N-].[K+],1,80.99808062,4,0,0,0,0,0,0,0,2,-1,59854993
295,1,13.5,2,1,0,0000037108402000000000000000000000000000000000000000000000000000000000000000001A00000800000000A080020000000002008000000200000000000000000800000000000010000000000000000000000000000000000000000000000000000000000000000000000000000000,lithium ethenol,lithium ethenol,lithium ethenol,lithium ethenol,lithium ethenol,lithium ethenol,InChI=1S/C2H3O.Li/c1-2-3;/h1-3H;/q-1;+1,CBTVJFOZMGZEBW-UHFFFAOYSA-N,50.03439315,C2H3LiO,50.0,[Li+].[CH-]=CO,[Li+].[CH-]=CO,20.2,50.03439315,4,0,0,0,0,0,0,0,2,-1,71368517
296,1,10.8,1,0,0,00000371884000000000000000000000000000000000000000000000000000000000000000000018000000000008008000000200000000008000004200000000000000000000000000000000000001000000000000000000000000000000000000000000000000000000000000000000000000,lithium prop-1-ene,lithium 1-propene,lithium prop-1-ene,lithium prop-1-ene,lithium prop-1-ene,lithium prop-1-ene,"InChI=1S/C3H5.Li/c1-3-2;/h1H2,2H3;/q-1;+1",FDSYVYRHBINZOG-UHFFFAOYSA-N,48.05512859,C3H5Li,48.0,[Li+].C[C-]=C,[Li+].C[C-]=C,0,48.05512859,4,0,0,0,0,0,0,0,2,-1,11789119
297,1,4.8,2,0,0,00000371000020200000000000000000000000000000000000000000000000000000000000000012000000000000000000020000000000000800000080000000000000000000000000000000000000000000000000000000000000000000000000000000000000000000000000000000000000,sodium methanone,sodium methanone,sodium methanone,sodium methanone,sodium methanone,sodium methanone,InChI=1S/CHO.Na/c1-2;/h1H;/q-1;+1,PZNUGOULNCHZFR-UHFFFAOYSA-N,51.99250893,CHNaO,52.008,[CH-]=O.[Na+],[CH-]=O.[Na+],17.1,51.99250893,3,0,0,0,0,0,0,0,2,-1,22944142
298,1,8,1,0,0,00000371000020200002000000000000000000000000000000000000000000000000000000000012002000000000000000020000000000000000000000000000000000000000000000000000000000000000000000000000000000000000000000000000000000000000000000000000000000,sodium iodomethanolate,sodium iodomethanolate,sodium iodomethanolate,sodium iodomethanolate,sodium iodanylmethanolate,sodium iodomethanolate,InChI=1S/CH2IO.Na/c2-1-3;/h1H2;/q-1;+1,MMJKACXQDOENRR-UHFFFAOYSA-N,179.90481,CH2INaO,179.920,C([O-])I.[Na+],C([O-])I.[Na+],23.1,179.90481,4,0,0,0,0,0,0,0,2,-1,23670958
299,1,6,1,0,0,00000371000000200418000000000000000000000000000000000000000000000000000000000000000000000000000000000000000000000000000000000000000000000000000000000000000000000000000000000000000000000000000000000000000000000000000000000000000000,,,,,,,InChI=1S/Br2Cl.Na/c1-3-2;/q-1;+1,VJWXTFPDXRUIEL-UHFFFAOYSA-N,217.79325,Br2ClNa,218.25,[Na+].[Cl-](Br)Br,[Na+].[Cl-](Br)Br,0,215.79530,4,0,0,0,0,0,0,0,2,-1,23697866
300,1,8,2,1,0,00000371800220200000000000000000000000000000000000000000000000000000000000000014000408000000000000040200001000000000000000000000000000000000000000000000000000000000000000000000000000000000000000000000000000000000000000000000000000,sodium hydroxy(methyl)azanide,sodium hydroxy(methyl)azanide,sodium hydroxy(methyl)azanide,sodium hydroxy(methyl)azanide,sodium methyl(oxidanyl)azanide,sodium hydroxy(methyl)azanide,"InChI=1S/CH4NO.Na/c1-2-3;/h3H,1H3;/q-1;+1",GTKXUXVZUABHOW-UHFFFAOYSA-N,69.01905803,CH4NNaO,69.039,C[N-]O.[Na+],C[N-]O.[Na+],21.2,69.01905803,4,0,0,0,0,0,0,0,2,-1,140584049
301,1,10.8,1,0,0,00000371004000000040000000000000000000000000000000000000000000000000000000000018000000000000008000000000000000004008000000000000000000000000000000000000000000000000000000000000000000000000000000000000000000000000000000000000000000,potassium acetylene,potassium ethyne,potassium ethyne,potassium ethyne,potassium ethyne,potassium acetylene,InChI=1S/C2H.K/c1-2;/h1H;/q-1;+1,CRKHPDAAPWRSRN-UHFFFAOYSA-N,63.97153152,C2HK,64.13,C#[C-].[K+],C#[C-].[K+],0,63.97153152,3,0,0,0,0,0,0,0,2,-1,10964394
302,1,13.5,2,0,0,00000371080030000000000000000000000000000000000000000000000000000000000000000012000000000000000000030008000000000800000088000000000000000000000000000000000000000000000000000000000000000000000000000000000000000000000000000000000000,lithium-7(1+) formate,lithium-7(1+) formate,lithium-7(1+) formate,lithium-7(1+) formate,lithium-7(1+) methanoate,lithium-7(1+) formate,"InChI=1S/CH2O2.Li/c2-1-3;/h1H,(H,2,3);/q;+1/p-1/i;1+0",XKPJKVVZOOEMPK-QMVMUTFZSA-M,52.01365770,CHLiO2,52.033,[7Li+].C(=O)[O-],[Li+].C(=O)[O-],40.1,52.01365770,4,0,0,0,0,0,0,1,2,-1,102216787
303,1,29,2,1,0,00000371000300200000000000000000000000000000000000000000000000000000000000000004001000000000000000000100004000002000000020000000000000000000000000000000000000000000000000000000000000000000000000000000000000000000000000000000000000,sodium iminomethyleneazanide,sodium iminomethylideneazanide,sodium iminomethylideneazanide,sodium iminomethylideneazanide,sodium azanylidenemethylideneazanide,sodium iminomethyleneazanide,InChI=1S/CHN2.Na/c2-1-3;/h2H;/q-1;+1,MBEGFNBBAVRKLK-UHFFFAOYSA-N,64.00374232,CHN2Na,64.022,C(=N)=[N-].[Na+],C(=N)=[N-].[Na+],24.9,64.00374232,4,0,0,0,0,0,0,0,2,-1,13005318
304,1,13.5,2,0,0,00000371884200000000000000000000000000000000000000000000000000000000000000000014000000000000000000040000020000002000000104000000000000000000000000000000000000000000000000000000000000000000000000000000000000000000000000000000000000,lithium N-methanidylmethanimine,lithium N-methanidylmethanimine,lithium <I>N</I>-methanidylmethanimine,lithium N-methanidylmethanimine,lithium N-methanidylmethanimine,lithium methanidyl(methylene)amine,InChI=1S/C2H4N.Li/c1-3-2;/h1-2H2;/q-1;+1,QCYVPIBDHQGRLT-UHFFFAOYSA-N,49.05037757,C2H4LiN,49.0,[Li+].[CH2-]N=C,[Li+].[CH2-]N=C,12.4,49.05037757,4,0,0,0,0,0,0,0,2,-1,85789303
305,1,10.8,1,0,0,00000371884000000000000000000000000000000000000000000000000000000000000000000018000000000008008000000200000000008000204200000000000000000800000000000000000001000000000000000000000000000000000000000000000000000000000000000000000000,lithium prop-1-ene,lithium 1-propene,lithium prop-1-ene,lithium prop-1-ene,lithium prop-1-ene,lithium prop-1-ene,"InChI=1S/C3H5.Li/c1-3-2;/h1,3H,2H3;/q-1;+1",FHUOGRIBVFDICO-UHFFFAOYSA-N,48.05512859,C3H5Li,48.0,[Li+].CC=[CH-],[Li+].CC=[CH-],0,48.05512859,4,0,0,0,0,0,0,0,2,-1,10964389
306,1,4.8,2,2,0,00000371000220200000000000000000000000000000000000000000000000000000000000000000001408000000000000000000000000000000000000000000000000000000000000000000000000000000000000000000000000000000000000000000000000000000000000000000000000,sodium hydroxyazanide,sodium hydroxyazanide,sodium hydroxyazanide,sodium hydroxyazanide,sodium oxidanylazanide,sodium hydroxyazanide,InChI=1S/H2NO.Na/c1-2;/h1-2H;/q-1;+1,BFBFKJUPFPONLI-UHFFFAOYSA-N,55.00340797,H2NNaO,55.012,[NH-]O.[Na+],[NH-]O.[Na+],21.2,55.00340797,3,0,0,0,0,0,0,0,2,-1,20223730
307,1,13.5,2,2,0,00000371000300200000000000000000000000000000000000000000000000000000000000000004001000000000000000000100004000002000000020000000008000000000000000000000000000000000000000000000000000000000000000000000000000000000000000000000000000,sodium iminomethanamine,sodium iminomethanamine,sodium iminomethanamine,sodium iminomethanamine,sodium azanylidenemethanamine,sodium iminomethylamine,"InChI=1S/CH3N2.Na/c2-1-3;/h(H3,2,3);/q-1;+1",IGOYQYJBLTUIPT-UHFFFAOYSA-N,66.01939239,CH3N2Na,66.038,[C-](=N)N.[Na+],[C-](=N)N.[Na+],49.9,66.01939239,4,0,0,0,0,0,0,0,2,-1,129646904
308,1,4.8,2,1,0,00000371080200000000000000000000000000000000000000000000000000000000000000000014001000000000000000040000004000002000000100000000000000000000000000000000000000000000000000000000000000000000000000000000000000000000000000000000000000,lithium methanimine,lithium methanimine,lithium methanimine,lithium methanimine,lithium methanimine,lithium methanidylideneamine,InChI=1S/CH2N.Li/c1-2;/h1-2H;/q-1;+1,KZOOLTZGSJJJGZ-UHFFFAOYSA-N,35.03472750,CH2LiN,35.0,[Li+].[CH-]=N,[Li+].[CH-]=N,23.9,35.03472750,3,0,0,0,0,0,0,0,2,-1,129657214
309,1,15.5,2,1,0,00000371020200200000000000000000000000000000000000000000000000000000000000002004001000000000000000000000004000002000000000000000000000000000000000000000000000000000000000000000000000000000000000000000000000000000000000000000000000,,,,,,,InChI=1S/CHBN.Na/c2-1-3;/h3H;/q-1;+1,UALXGXNDEXHROL-UHFFFAOYSA-N,61.0099735,CHBNNa,60.83,[B][C-]=N.[Na+],[B][C-]=N.[Na+],23.9,61.0099735,4,0,0,0,0,0,0,0,2,-1,58676901
310,1,6,2,0,0,00000371884001000000000000000000000000000000000000000000000000000000000000000019000000000000008000000000000000000000000000000000000000000000000000000000000000000000000000000000000000000000000000000000000000000000000000000000000000,lithium fluoroethane,lithium fluoroethane,lithium fluoroethane,lithium fluoroethane,lithium fluoranylethane,lithium fluoroethane,InChI=1S/C2H4F.Li/c1-2-3;/h1-2H2;/q-1;+1,KKGONRWWLPJLIW-UHFFFAOYSA-N,54.04570672,C2H4FLi,54.0,[Li+].[CH2-]CF,[Li+].[CH2-]CF,0,54.04570672,4,0,0,0,0,0,0,0,2,-1,21396528
311,1,4.8,2,1,0,00000371820020000040000000000000000000000000000000000000000000000000000000008800000008000000000000000000000000000000000000000000000000000000000000000000000000000000000000000000000000000000000000000000000000000000000000000000000000,potassium hydroxyboranuide,potassium hydroxyboranuide,potassium hydroxyboranuide,potassium hydroxyboranuide,potassium oxidanylboranuide,potassium hydroxyboranuide,"InChI=1S/BH4O.K/c1-2;/h2H,1H3;/q-1;+1",RQXCNPONPMKLKR-UHFFFAOYSA-N,69.9992264,BH4KO,69.94,[BH3-]O.[K+],[BH3-]O.[K+],20.2,69.9992264,3,0,0,0,0,0,0,0,2,-1,160703337
312,1,4.8,1,0,0,000003718A000000000000000000000000000000000000000000000000000000000000000000A010000000000000000000000200000000000000000000000000000000000000000000000000000000000000000000000000000000000000000000000000000000000000000000000000000000,lithium methylboranuide,lithium methylboranuide,lithium methylboranuide,lithium methylboranuide,lithium methylboranuide,lithium methylboranuide,InChI=1S/CH6B.Li/c1-2;/h1-2H3;/q-1;+1,SECCZHCVFJMMFI-UHFFFAOYSA-N,36.0722588,CH6BLi,35.8,[Li+].[BH3-]C,[Li+].[BH3-]C,0,36.0722588,3,0,0,0,0,0,0,0,2,-1,23674609
313,1,6,2,0,0,00000371884020000000000000000000000000000000000000000000000000000000000000000012000000000000000000020200000004000000000000000000000000000000000000000000000000000000000000000000000000000000000000000000000000000000000000000000000000,lithium methanidyloxymethane,lithium methanidyloxymethane,lithium methanidyloxymethane,lithium methanidyloxymethane,lithium methanidyloxymethane,lithium methanidyloxymethane,"InChI=1S/C2H5O.Li/c1-3-2;/h1H2,2H3;/q-1;+1",ZHEDACFPWZYHCP-UHFFFAOYSA-N,52.05004321,C2H5LiO,52.0,[Li+].CO[CH2-],[Li+].CO[CH2-],9.2,52.05004321,4,0,0,0,0,0,0,0,2,-1,10887816
314,1,13.5,2,0,0,00000371000030000400000008000000000000000000000000000000000000000000000000000000000000000000000000000000000000000000000000000000000000000000000000000000000000000000000000000000000000000000000000000000000000000000000000000000000000,rubidium(1+) chlorite,rubidium(1+) chlorite,rubidium(1+) chlorite,rubidium(1+) chlorite,rubidium(1+) chlorite,rubidium(1+) chlorite,"InChI=1S/ClHO2.Rb/c2-1-3;/h(H,2,3);/q;+1/p-1",LAFNMLKUUNXYNZ-UHFFFAOYSA-M,151.8704717,ClO2Rb,152.92,[O-]Cl=O.[Rb+],[O-]Cl=O.[Rb+],40.1,151.8704717,4,0,0,0,0,0,0,0,2,-1,129692527
315,1,15.5,2,0,0,0000037108402000000000000000000000001200000000000000000000000000000000000000001A00000000000000A080020000000004000000000000000000000000000000000000000000000000000000000000000000000000000000000000000000000000000000000000000000000000,,,,,,,"InChI=1S/C2H3O.Li/c1-2-3-1;/h1H,2H2;/q-1;+1",YADCBRWMLIKJKF-UHFFFAOYSA-N,50.03439315,C2H3LiO,50.0,[Li+].C1[CH-]O1,[Li+].C1[CH-]O1,12.5,50.03439315,4,0,0,0,0,0,0,0,2,-1,129836041
316,1,15.5,2,0,0,00000371000020000440000000000000000000000000000000000000000000000000000000000002020000000000000000000000000000000800000800000000000000000000000000000000000000000000000000000000000000000000000000000000000000000000000000000000000000,potassium chloromethanone,potassium chloromethanone,potassium chloromethanone,potassium chloromethanone,potassium chloranylmethanone,potassium chloromethanone,InChI=1S/CClO.K/c2-1-3;/q-1;+1,VBEZKLCKQOEMDB-UHFFFAOYSA-N,101.9274738,CClKO,102.56,[C-](=O)Cl.[K+],[C-](=O)Cl.[K+],17.1,101.9274738,4,0,0,0,0,0,0,0,2,-1,58482386
317,1,6,2,1,0,0000037180420020000000000000000000000000000000000000000000000000000000000000001400100000000000000004020002C000000000000000000000000000000000800800000000000000000000000000000000000000000000000000000000000000000000000000000000000000,sodium N-methanidylmethanamine,sodium N-methanidylmethanamine,sodium <I>N</I>-methanidylmethanamine,sodium N-methanidylmethanamine,sodium N-methanidylmethanamine,sodium methanidyl(methyl)amine,"InChI=1S/C2H6N.Na/c1-3-2;/h3H,1H2,2H3;/q-1;+1",RAADEILGMXIZSR-UHFFFAOYSA-N,67.03979348,C2H6NNa,67.07,CN[CH2-].[Na+],CN[CH2-].[Na+],12,67.03979348,4,0,0,0,0,0,0,0,2,-1,154083898
318,1,13.5,2,0,0,0000037100402020000000000000000000000000000000000000000000000000000000000000001A000000000000008080000200000000000800001000000000000000000000000000000000000000000000000000000000000000000000000000000000000000000000000000000000000000,sodium ethanone,sodium ethanone,sodium ethanone,sodium ethanone,sodium ethanone,sodium ethanone,InChI=1S/C2H3O.Na/c1-2-3;/h1H3;/q-1;+1,ZKLMBRVURGMROF-UHFFFAOYSA-N,66.00815900,C2H3NaO,66.03,C[C-]=O.[Na+],C[C-]=O.[Na+],17.1,66.00815900,4,0,0,0,0,0,0,0,2,-1,22218824
319,1,6,3,2,0,0000037108023000000000000000000000000000000000000000000000000000000000000000000000140C000000000000000000000000000000000000000000000000000000000000000000000000000000000000000000000000000000000000000000000000000000000000000000000000,lithium hydroperoxyazanide,lithium hydroperoxyazanide,lithium hydroperoxyazanide,lithium hydroperoxyazanide,lithium dioxidanylazanide,lithium hydroperoxyazanide,InChI=1S/Li.H2NO2/c;1-3-2/h;1-2H/q+1;-1,HNFOQHMXZMXDAA-UHFFFAOYSA-N,55.02455674,H2LiNO2,55.0,[Li+].[NH-]OO,[Li+].[NH-]OO,30.5,55.02455674,4,0,0,0,0,0,0,0,2,-1,158529849
320,1,13.5,1,0,0,000003710A4000000000000000000000000000000000000000000000000000000000000000002018000000000000008000000000000000008000000200000000000000000800000000000000000000000000000000000000000000000000000000000000000000000000000000000000000000,,,,,,,InChI=1S/C2H2B.Li/c1-2-3;/h1-2H;/q-1;+1,QWQUURVNRSIMQV-UHFFFAOYSA-N,44.0409587,C2H2BLi,43.8,[Li+].[B]C=[CH-],[Li+].[B]C=[CH-],0,44.0409587,4,0,0,0,0,0,0,0,2,-1,71417848
321,1,6,1,0,0,00000371080000000600000000000000000000000000000000000000000000000000000000000010020000000000000000C00000000000000000000000000000000000000000000000000000000000000000000000000000000000000000000000000000000000000000000000000000000000,lithium dichloromethane,lithium dichloromethane,lithium dichloromethane,lithium dichloromethane,lithium bis(chloranyl)methane,lithium dichloromethane,InChI=1S/CHCl2.Li/c2-1-3;/h1H;/q-1;+1,NYEFUKPRSIREFK-UHFFFAOYSA-N,89.9615339,CHCl2Li,90.9,[Li+].[CH-](Cl)Cl,[Li+].[CH-](Cl)Cl,0,89.9615339,4,0,0,0,0,0,0,0,2,-1,11829362
322,1,6,2,0,0,00000371000030200000000000000000000000000000000000000000000000000000000000000012000004000000000000020200000000000000000000000000000000000000000000000000000000000000000000000000000000000000000000000000000000000000000000000000000000,sodium oxidooxymethane,sodium oxidooxymethane,sodium oxidooxymethane,sodium oxidooxymethane,sodium oxidanidyloxymethane,sodium oxidooxymethane,"InChI=1S/CH4O2.Na/c1-3-2;/h2H,1H3;/q;+1/p-1",GEDZDXWNEIDNJZ-UHFFFAOYSA-M,70.00307362,CH3NaO2,70.023,CO[O-].[Na+],CO[O-].[Na+],32.3,70.00307362,4,0,0,0,0,0,0,0,2,-1,22960788
323,1,4.8,1,0,0,00000371020200000040000000000000000000000000000000000000000000000000000000001000000000000000000000000000000000000000000000000000000000000000000000000000000000000000000000000000000000000000000000000000000000000000000000000000000000,,,,,,,InChI=1S/BN.K/c1-2;/q-1;+1,RUUHBQLLICQZCG-UHFFFAOYSA-N,63.9760857,BKN,63.92,[B]=[N-].[K+],[B]=[N-].[K+],1,63.9760857,3,0,0,0,0,0,0,0,2,-1,58627710
324,1,32.5,1,0,0,00000371084000000002000000000000000000000000000000000000000000000000000000000008002000000000000200000000000000004000000000000000000000000000000000000000000000000000000000000000000000000000000000000000000000000000000000000000000000,lithium iodoacetylene,lithium iodoethyne,lithium iodoethyne,lithium iodoethyne,lithium iodanylethyne,lithium iodoacetylene,InChI=1S/C2I.Li/c1-2-3;/q-1;+1,BEPGMEXAMGYRHA-UHFFFAOYSA-N,157.92048,C2ILi,157.9,[Li+].[C-]#CI,[Li+].[C-]#CI,0,157.92048,4,0,0,0,0,0,0,0,2,-1,14925096
325,1,29.8,1,0,0,00000371084000000000000000000000000000000000000000000000000000000000000000000018000000000008008000000000000000004018000000000000000000000000000000000000000000000000000000000000000000000000000000000000000000000000000000000000000000,lithium prop-1-yne,lithium 1-propyne,lithium prop-1-yne,lithium prop-1-yne,lithium prop-1-yne,lithium prop-1-yne,"InChI=1S/C3H3.Li/c1-3-2;/h1H,2H2;/q-1;+1",GYALEKPSKJGUMV-UHFFFAOYSA-N,46.03947853,C3H3Li,46.0,[Li+].[CH2-]C#C,[Li+].[CH2-]C#C,0,46.03947853,4,0,0,0,0,0,0,0,2,-1,14487815
326,1,4.8,1,0,0,00000371080020000002000000000000000000000000000000000000000000000000000000000000000000000000000000000000000000000000000000000000000000000000000000000000000000000000000000000000000000000000000000000000000000000000000000000000000000,lithium hypoiodite,lithium hypoiodite,lithium hypoiodite,lithium hypoiodite,lithium hypoiodite,lithium hypoiodite,InChI=1S/IO.Li/c1-2;/q-1;+1,IUCHDKDEPALKHU-UHFFFAOYSA-N,149.91539,ILiO,149.9,[Li+].[O-]I,[Li+].[O-]I,23.1,149.91539,3,0,0,0,0,0,0,0,2,-1,140455213
327,1,2.8,1,0,0,00000371000030000040000000000000000000000000000000000000000000000000000000000000000004000000000000000000000000000000000000000000000000000000000000000000000000000000000000000000000000000000000000000000000000000000000000000000000000,,,,,,,InChI=1S/K.HO2/c;1-2/h;1H/q+1;/p-1,DUPSQGGNCHNYTQ-UHFFFAOYSA-M,70.95353572,KO2,71.097,[O-][O].[K+],[O-][O].[K+],24.1,70.95353572,3,0,0,0,0,0,0,0,2,-1,23676566
328,1,6,1,0,0,00000371080000000600000000000000000000000000000000000000000000000000000000000010020000000000000000C00000000000000000000000000000000000000000000000000000000000000000000000000000000000000000000000000000000000000000000000000000000000,lithium dichloromethane,lithium dichloromethane,lithium dichloromethane,lithium dichloromethane,lithium bis(chloranyl)methane,lithium dichloromethane,InChI=1S/CHCl2.Li/c2-1-3;/h1H;/q-1;+1,NYEFUKPRSIREFK-UHFFFAOYSA-N,89.9615339,CHCl2Li,90.9,[Li+].[CH-](Cl)Cl,[Li+].[CH-](Cl)Cl,0,89.9615339,4,0,0,0,0,0,0,0,2,-1,11829362
329,1,15.5,2,1,0,00000371000220200010000000000000000000000000000000000000000000000000000000000000000018000000000000000000000000000000000000000000000000000000000000000000000000000000000000000000000000000000000000000000000000000000000000000000000000,sodium (hydroxy-lambda3-bromanylidene)azanide,sodium (hydroxy-lambda3-bromanylidene)azanide,sodium (hydroxy-&lambda;<SUP>3</SUP>-bromanylidene)azanide,sodium (hydroxy-lambda3-bromanylidene)azanide,sodium (oxidanyl-lambda3-bromanylidene)azanide,sodium (hydroxy-lambda3-bromanylidene)azanide,"InChI=1S/BrHNO.Na/c2-1-3;/h(H-,2,3);/q-1;+1",JSEJWXJCKKIGAN-UHFFFAOYSA-N,132.91392,BrHNNaO,133.91,[N-]=BrO.[Na+],[N-]=BrO.[Na+],21.2,132.91392,4,0,0,0,0,0,0,0,2,-1,171720340
330,1,4.8,2,0,0,00000371000220000040000000000000000000000000000000000000000000000000000000000000000400000000000000000000000000000100000000000000000000000000000000000000000000000000000000000000000000000000000000000000000000000000000000000000000000,potassium nitroxyl anion,potassium nitroxyl anion,potassium nitroxyl anion,potassium nitroxyl anion,potassium oxoazanide,potassium nitroxyl anion,InChI=1S/K.NO/c;1-2/q+1;-1,JQIHHVVFWPSCHT-UHFFFAOYSA-N,68.96169511,KNO,69.105,[N-]=O.[K+],[N-]=O.[K+],18.1,68.96169511,3,0,0,0,0,0,0,0,2,-1,154169190
331,1,6,3,0,0,00000371020001A00000000000000000000000000000000000000000000000000000000000000400000000000000000000000000000000000000000000000000000000000000000000000000000000000000000000000000000000000000000000000000000000000000000000000000000000,,,,,,,InChI=1S/BF2.Na/c2-1-3;/q-1;+1,JVJRDGCARWEMLE-UHFFFAOYSA-N,71.9958808,BF2Na,71.80,[B-](F)F.[Na+],[B-](F)F.[Na+],0,71.9958808,4,0,0,0,0,0,0,0,2,-1,18727909
332,1,15.5,3,1,0,00000371020220000040000000000000000000000000000000000000000000000000000000001000000408000000000000000000000000000000000000000000000000000000000000000000000000000000000000000000000000000000000000000000000000000000000000000000000000,,,,,,,InChI=1S/BHNO.K/c1-2-3;/h3H;/q-1;+1,UNKWNLQPILCAIQ-UHFFFAOYSA-N,80.9788253,BHKNO,80.93,[B-]=NO.[K+],[B-]=NO.[K+],32.6,80.9788253,4,0,0,0,0,0,0,0,2,-1,172165965
333,1,32.5,2,0,0,00000371084200000000000000000000000000000000000000000000000000000000000000000014000000000000000000040000020000001000000000000000000000000000000000000000000000000000000000000000000000000000000000000000000000000000000000000000000000,lithium isocyanomethane,lithium isocyanomethane,lithium isocyanomethane,lithium isocyanomethane,lithium isocyanomethane,lithium isocyanomethane,InChI=1S/C2H2N.Li/c1-3-2;/h1H2;/q-1;+1,FMJFNCBDNBSXLT-UHFFFAOYSA-N,47.03472750,C2H2LiN,47.0,[Li+].[CH2-][N+]#[C-],[Li+].[CH2-][N+]#[C-],4.4,47.03472750,4,0,0,0,0,0,0,0,2,-1,11040616
334,1,34.5,2,0,0,00000371020200200000000000000000000000000000000000000000000000000000000000002004000000000000000000000000000000001000000000000000000000000000000000000000000000000000000000000000000000000000000000000000000000000000000000000000000000,,,,,,,InChI=1S/CBN.Na/c2-1-3;/q-1;+1,BEOOHQFXGBMRKU-UHFFFAOYSA-N,60.0021485,CBNNa,59.82,[B-]C#N.[Na+],[B-]C#N.[Na+],23.8,60.0021485,4,0,0,0,0,0,0,0,2,-1,20587905
335,1,6,3,1,0,0000037108003000000000000000000000000000000000000000000000000000000000000000001200000C000000000000020000000000000000000000000000000000000000000000000000000000000000000000000000000000000000000000000000000000000000000000000000000000,lithium hydroperoxymethane,lithium hydroperoxymethane,lithium hydroperoxymethane,lithium hydroperoxymethane,lithium dioxidanylmethane,lithium hydroperoxymethane,"InChI=1S/CH3O2.Li/c1-3-2;/h2H,1H2;/q-1;+1",TVHOFLNWKCXWFQ-UHFFFAOYSA-N,54.02930777,CH3LiO2,54.0,[Li+].[CH2-]OO,[Li+].[CH2-]OO,29.5,54.02930777,4,0,0,0,0,0,0,0,2,-1,22900039
336,1,4.8,1,0,0,000003718A000000000000000000000000000000000000000000000000000000000000000000A010000000000000000000000200000000000000000000000000000000000000000000000000000000000000000000000000000000000000000000000000000000000000000000000000000000,lithium methylboranuide,lithium methylboranuide,lithium methylboranuide,lithium methylboranuide,lithium methylboranuide,lithium methylboranuide,InChI=1S/CH6B.Li/c1-2;/h1-2H3;/q-1;+1,SECCZHCVFJMMFI-UHFFFAOYSA-N,36.0722588,CH6BLi,35.8,[Li+].[BH3-]C,[Li+].[BH3-]C,0,36.0722588,3,0,0,0,0,0,0,0,2,-1,23674609
337,1,29.8,1,0,0,00000371004000200000000000000000000000000000000000000000000000000000000000000018000000000008008000000200000000004010000000000000000000000000000000000000000000000000000000000000000000000000000000000000000000000000000000000000000000,sodium prop-1-yne,sodium 1-propyne,sodium prop-1-yne,sodium prop-1-yne,sodium prop-1-yne,sodium prop-1-yne,InChI=1S/C3H3.Na/c1-3-2;/h1H3;/q-1;+1,DRVUSWMNSHIXEP-UHFFFAOYSA-N,62.01324438,C3H3Na,62.05,CC#[C-].[Na+],CC#[C-].[Na+],0,62.01324438,4,0,0,0,0,0,0,0,2,-1,11018800
338,1,13.5,3,1,0,00000371000320200000000000000000000000000000000000000000000000000000000000000000001C00000000000000000000000200000100000000000000000000000000000000000000000000000000000000000000000000000000000000000000000000000000000000000000000000,sodium nitrosoazanide,sodium nitrosoazanide,sodium nitrosoazanide,sodium nitrosoazanide,sodium nitrosoazanide,sodium nitrosoazanide,"InChI=1S/H2N2O.Na/c1-2-3;/h(H2,1,3);/q;+1/p-1",WAJKSDFSQFUXRE-UHFFFAOYSA-M,67.99865694,HN2NaO,68.011,[NH-]N=O.[Na+],[NH-]N=O.[Na+],30.4,67.99865694,4,0,0,0,0,0,0,0,2,-1,161449774
339,1,6,1,0,0,00000371080000000018000000000000000000000000000000000000000000000000000000000010004000000040000000000000000000000000000000000000000000000000000000000000000000000000000000000000000000000000000000000000000000000000000000000000000000,lithium dibromomethane,lithium dibromomethane,lithium dibromomethane,lithium dibromomethane,lithium bis(bromanyl)methane,lithium dibromomethane,InChI=1S/CHBr2.Li/c2-1-3;/h1H;/q-1;+1,FTRXQQBCDXQQKQ-UHFFFAOYSA-N,179.85845,CHBr2Li,179.8,[Li+].[CH-](Br)Br,[Li+].[CH-](Br)Br,0,177.86050,4,0,0,0,0,0,0,0,2,-1,11052230
340,1,10.8,1,0,0,00000371884000000000000000000000000000000000000000000000000000000000000000000018000000000008008000000200000000008000004200000000000000000000000000000000000001000000000000000000000000000000000000000000000000000000000000000000000000,lithium prop-1-ene,lithium 1-propene,lithium prop-1-ene,lithium prop-1-ene,lithium prop-1-ene,lithium prop-1-ene,"InChI=1S/C3H5.Li/c1-3-2;/h1H2,2H3;/q-1;+1",FDSYVYRHBINZOG-UHFFFAOYSA-N,48.05512859,C3H5Li,48.0,[Li+].C[C-]=C,[Li+].C[C-]=C,0,48.05512859,4,0,0,0,0,0,0,0,2,-1,11789119
341,1,6,1,0,0,00000371000000000043000000000000000000000000000000000000000000000000000000000010002000000000000000000200000000000000000000000000000000000000000000000000000000000000000000000000000000000000000000000000000000000000000000000000000000,potassium iodoiodanuidylmethane,potassium iodoiodanuidylmethane,potassium iodoiodanuidylmethane,potassium iodoiodanuidylmethane,potassium iodanyliodanuidylmethane,potassium iodoiodanuidylmethane,InChI=1S/CH3I2.K/c1-3-2;/h1H3;/q-1;+1,GVKJRGOECTZMQT-UHFFFAOYSA-N,307.79613,CH3I2K,307.942,C[I-]I.[K+],C[I-]I.[K+],0,307.79613,4,0,0,0,0,0,0,0,2,-1,20829530
342,1,15.5,2,1,0,00000371080220000000000000000000000000000000000000000000000000000000000000000006001000000000000000000000004000000800000010000000000000000000000000000000000000000000000000000000000000000000000000000000000000000000000000000000000000,lithium aminomethanone,lithium aminomethanone,lithium aminomethanone,lithium aminomethanone,lithium azanylmethanone,lithium aminomethanone,"InChI=1S/CH2NO.Li/c2-1-3;/h(H2,2,3);/q-1;+1",XHBAZGBMCUBJOM-UHFFFAOYSA-N,51.02964212,CH2LiNO,51.0,[Li+].[C-](=O)N,[Li+].[C-](=O)N,43.1,51.02964212,4,0,0,0,0,0,0,0,2,-1,129668209
343,1,8,1,0,0,00000371000000200012000000000000000000000000000000000000000000000000000000000010004000000040000000000200000000000000000000000000000000000000000000000000000000000000000000000000000000000000000000000000000000000000000000000000000000,sodium iodobromanuidylmethane,sodium iodobromanuidylmethane,sodium iodobromanuidylmethane,sodium iodobromanuidylmethane,sodium iodanylbromanuidylmethane,sodium iodobromanuidylmethane,InChI=1S/CH3BrI.Na/c1-2-3;/h1H3;/q-1;+1,LZYZAJZPYHRXRT-UHFFFAOYSA-N,243.83605,CH3BrINa,244.83,C[Br-]I.[Na+],C[Br-]I.[Na+],0,243.83605,4,0,0,0,0,0,0,0,2,-1,59187066
344,1,34.5,2,0,0,000003710A020000000000000000000000000000000000000000000000000000000000000000A004000000000000000000000000000000001000000000000000000000000000000000000000000000000000000000000000000000000000000000000000000000000000000000000000000000,lithium cyanoboranuide,lithium cyanoboranuide,lithium cyanoboranuide,lithium cyanoboranuide,lithium cyanoboranuide,lithium cyanoboranuide,InChI=1S/CH3BN.Li/c2-1-3;/h2H3;/q-1;+1,BVPYSTXNSVZEEC-UHFFFAOYSA-N,47.0518577,CH3BLiN,46.8,[Li+].[BH3-]C#N,[Li+].[BH3-]C#N,23.8,47.0518577,4,0,0,0,0,0,0,0,2,-1,131710163
345,1,4.8,1,0,0,00000371020000000042000000000000000000000000000000000000000000000000000000000000000000000000000000000000000000000000000000000000000000000000000000000000000000000000000000000000000000000000000000000000000000000000000000000000000000,,,,,,,InChI=1S/BI.K/c1-2;/q-1;+1,YOMZKDSBGSPTAS-UHFFFAOYSA-N,176.87748,BIK,176.82,[B-]I.[K+],[B-]I.[K+],0,176.87748,3,0,0,0,0,0,0,0,2,-1,59780101
346,1,8,2,1,0,00000371820200200000000000000000000000000000000000000000000000000000000000003010001000000000000000000200000000000000000000000000000000000000000000000000000000000000000000000000000000000000000000000000000000000000000000000000000000,,,,,,,"InChI=1S/CH5BN.Na/c1-2-3;/h3H2,1H3;/q-1;+1",YZRYDKGQACWRPA-UHFFFAOYSA-N,65.0412736,CH5BNNa,64.86,[B-](C)N.[Na+],[B-](C)N.[Na+],26,65.0412736,4,0,0,0,0,0,0,0,2,-1,59341893
347,1,4.8,1,0,0,00000371000020000010000008000000000000000000000000000000000000000000000000000000000000000000000000000000000000000000000000000000000000000000000000000000000000000000000000000000000000000000000000000000000000000000000000000000000000,rubidium(1+) hypobromite,rubidium(1+) hypobromite,rubidium(1+) hypobromite,rubidium(1+) hypobromite,rubidium(1+) hypobromite,rubidium(1+) hypobromite,InChI=1S/BrO.Rb/c1-2;/q-1;+1,UACXQHHXYKIEPV-UHFFFAOYSA-N,179.82504,BrORb,181.37,[O-]Br.[Rb+],[O-]Br.[Rb+],23.1,179.82504,3,0,0,0,0,0,0,0,2,-1,140361553
348,1,6,2,0,0,00000371000001000600000000000800000000000000000000000000000000000000000000000000000000000000000000000000000000000000000000000000000000000000000000000000000000000000000000000000000000000000000000000000000000000000000000000000000000,,,,,,,InChI=1S/Cl2F.Cs/c1-2-3;/q-1;+1,AQMKLKVJKBRXBH-UHFFFAOYSA-N,221.8415605,Cl2CsF,222.81,F[Cl-]Cl.[Cs+],F[Cl-]Cl.[Cs+],0,221.8415605,4,0,0,0,0,0,0,0,2,-1,59522958
349,1,4.8,2,1,0,00000371020200000040000000000000000000000000000000000000000000000000000000001000001000000000000000000000000000000000000000000000000000000000000000000000000000000000000000000000000000000000000000000000000000000000000000000000000000,,,,,,,InChI=1S/BHN.K/c1-2;/h2H;/q-1;+1,RZFCWSPCXNXDOW-UHFFFAOYSA-N,64.9839107,BHKN,64.93,[B-]=N.[K+],[B-]=N.[K+],23.9,64.9839107,3,0,0,0,0,0,0,0,2,-1,162457270
350,1,2.8,1,0,0,00000371030000000000000008000000000000000000000000000000000000000000000000004000000000000000000000000000000000000000000000000000000000000000000000000000000000000000000000000000000000000000000000000000000000000000000000000000000000,,,,,,,InChI=1S/B2.Rb/c1-2;/q-1;+1,AXWKUOHZKSQTNT-UHFFFAOYSA-N,106.9304001,B2Rb,107.09,[B-][B].[Rb+],[B-][B].[Rb+],0,106.9304001,3,0,0,0,0,0,0,0,2,-1,153438324
351,1,6,1,0,0,00000371884000000010000000000000000000000000000000000000000000000000000000000018004000000140008000000200000000000000000000000000000000000000000000000000000000000000000000000000000000000000000000000000000000000000000000000000000000,lithium bromoethane,lithium bromoethane,lithium bromoethane,lithium bromoethane,lithium bromanylethane,lithium bromoethane,"InChI=1S/C2H4Br.Li/c1-2-3;/h2H,1H3;/q-1;+1",QUMPBDAWKXGWRQ-UHFFFAOYSA-N,113.96564,C2H4BrLi,114.9,[Li+].C[CH-]Br,[Li+].C[CH-]Br,0,113.96564,4,0,0,0,0,0,0,0,2,-1,22606574
352,1,15.5,1,0,0,000003710A4000000000000000000000000012000000000000000000000000000000000000002018000000000000008000000000000000000000000000000000000000000000000000000000000000000000000000000000000000000000000000000000000000000000000000000000000000,,,,,,,"InChI=1S/C2H3B.Li/c1-2-3-1;/h1H,2H2;/q-1;+1",QZGCZKUXYOMWRD-UHFFFAOYSA-N,45.0487837,C2H3BLi,44.8,[Li+].[B]1C[CH-]1,[Li+].[B]1C[CH-]1,0,45.0487837,4,0,0,0,0,0,0,0,2,-1,129657743
353,1,3.2,1,0,0,00000371804000200000000000000000000000000000000000000000000000000000000000000018000000000008008000000200000000000000000000000000000000000000000000000000000000000000000000000000000000000000000000000000000000000000000000000000000000,sodium propane,sodium propane,sodium propane,sodium propane,sodium propane,sodium propane,"InChI=1S/C3H7.Na/c1-3-2;/h1,3H2,2H3;/q-1;+1",GHKSAWUMCVCOQW-UHFFFAOYSA-N,66.04454451,C3H7Na,66.08,CC[CH2-].[Na+],CC[CH2-].[Na+],0,66.04454451,4,0,0,0,0,0,0,0,2,-1,15162395
354,1,34.5,2,0,0,00000371000220000040000000000000000000000000000000000000000000000000000000000004000400000000000000000000001000001000000000000000000000000000000000000000000000000000000000000000000000000000000000000000000000000000000000000000000000,potassium fulminate,potassium oxidonitriliomethane,potassium oxidoazaniumylidynemethane,potassium oxidoazaniumylidynemethane,potassium oxidanidylazaniumylidynemethane,potassium fulminate,InChI=1S/CNO.K/c1-2-3;/q-1;+1,LOMWRVTZROPEGG-UHFFFAOYSA-N,80.96169511,CKNO,81.115,[C-]#[N+][O-].[K+],[C-]#[N+][O-].[K+],30.7,80.96169511,4,0,0,0,0,0,0,0,2,-1,11366948
355,1,6,2,1,0,0000037180402000000000000800000000000000000000000000000000000000000000000000001A00000800000000A080020200000002000000000000000000000000000000000000000010000000000000000000000000000000000000000000000000000000000000000000000000000000,ethanol;rubidium(1+),ethanol;rubidium(1+),ethanol;rubidium(1+),ethanol;rubidium(1+),ethanol;rubidium(1+),ethanol;rubidium(1+),"InChI=1S/C2H5O.Rb/c1-2-3;/h2-3H,1H3;/q-1;+1",CHLHJLDLQSDROT-UHFFFAOYSA-N,129.94582951,C2H5ORb,130.53,C[CH-]O.[Rb+],C[CH-]O.[Rb+],20.2,129.94582951,4,0,0,0,0,0,0,0,2,-1,162403047
356,1,6,1,0,0,00000371C2400020000000000000000000000000000000000000000000000000000000000000A018000000000000008000000200000000000000000000000000000000000000000000000000000000000000000000000000000000000000000000000000000000000000000000000000000000,sodium ethylboranuide,sodium ethylboranuide,sodium ethylboranuide,sodium ethylboranuide,sodium ethylboranuide,sodium ethylboranuide,"InChI=1S/C2H8B.Na/c1-2-3;/h2H2,1,3H3;/q-1;+1",OOVXZEJPZSVDQE-UHFFFAOYSA-N,66.0616747,C2H8BNa,65.89,[BH3-]CC.[Na+],[BH3-]CC.[Na+],0,66.0616747,4,0,0,0,0,0,0,0,2,-1,160055680
357,1,8,2,0,0,00000371020201000040000000000000000000000000000000000000000000000000000000001000000200000000000000000000000000000000000000000000000000000000000000000000000000000000000000000000000000000000000000000000000000000000000000000000000000,,,,,,,InChI=1S/BFN.K/c1-3-2;/q-1;+1,QNGKAOFRXIJBJW-UHFFFAOYSA-N,82.9744888,BFKN,82.92,[B][N-]F.[K+],[B][N-]F.[K+],1,82.9744888,4,0,0,0,0,0,0,0,2,-1,58114169
358,1,29.3,1,0,0,0000037100420000004000000000000000000000000000000000000000000000000000000000001C000000000000008100000000000000004008000000000000000000000000000000000000000000000000000000000000000000000000000000000000000000000000000000000000000000,,,,,,,InChI=1S/C2HN.K/c1-2-3;/h1H;/q-1;,BNWZDHMRPAMYFG-UHFFFAOYSA-N,77.97460552,C2HKN-,78.13,C#C[N-].[K],C#C[N-].[K],1,77.97460552,4,0,0,0,0,0,0,0,2,-1,101754802
359,1,32.5,1,1,0,0000037100420020000000000000000000000000000000000000000000000000000000000000001C001000000000008100000000004000004008000000000000000000000000000000000000000000000000000000000000000000000000000000000000000000000000000000000000000000,sodium ethynylazanide,sodium ethynylazanide,sodium ethynylazanide,sodium ethynylazanide,sodium ethynylazanide,sodium ethynylazanide,"InChI=1S/C2H2N.Na/c1-2-3;/h1,3H;/q-1;+1",GYHQLKIMRGGTLM-UHFFFAOYSA-N,63.00849335,C2H2NNa,63.03,C#C[NH-].[Na+],C#C[NH-].[Na+],1,63.00849335,4,0,0,0,0,0,0,0,2,-1,162445248
360,1,6,1,0,0,00000371000000000418000008000000000000000000000000000000000000000000000000000000000000000000000000000000000000000000000000000000000000000000000000000000000000000000000000000000000000000000000000000000000000000000000000000000000000,,,,,,,InChI=1S/Br2Cl.Rb/c1-2-3;/q-1;+1,DXAPZNGJYPOUON-UHFFFAOYSA-N,279.71527,Br2ClRb,280.73,Cl[Br-]Br.[Rb+],Cl[Br-]Br.[Rb+],0,277.71732,4,0,0,0,0,0,0,0,2,-1,23686678
361,1,8,2,1,0,00000371080020000010000000000000000000000000000000000000000000000000000000000012004008000040000000020000000002000000000000000000000000000000000000000010000000000000000000000000000000000000000000000000000000000000000000000000000000,lithium bromomethanol,lithium bromomethanol,lithium bromomethanol,lithium bromomethanol,lithium bromanylmethanol,lithium bromomethanol,"InChI=1S/CH2BrO.Li/c2-1-3;/h1,3H;/q-1;+1",AHSHZIZJZHWNAB-UHFFFAOYSA-N,115.94491,CH2BrLiO,116.9,[Li+].[CH-](O)Br,[Li+].[CH-](O)Br,20.2,115.94491,4,0,0,0,0,0,0,0,2,-1,168867702
362,1,10.8,1,0,0,00000371884000000000000000000000000018000000000000000000000000000000000000000018000000000008008000000000000000000000000000000000000000000000000000000000000000000000000000000000000000000000000000000000000000000000000000000000000000,lithium cyclopropane,lithium cyclopropane,lithium cyclopropane,lithium cyclopropane,lithium cyclopropane,lithium cyclopropane,"InChI=1S/C3H5.Li/c1-2-3-1;/h1H,2-3H2;/q-1;+1",YSQFBLFEYNOIBW-UHFFFAOYSA-N,48.05512859,C3H5Li,48.0,[Li+].C1C[CH-]1,[Li+].C1C[CH-]1,0,48.05512859,4,0,0,0,0,0,0,0,2,-1,11126171
363,1,13.5,2,0,0,00000371020300000040000000000000000000000000000000000000000000000000000000001000000800000000000000000000000000000200000000000000000000000000000000000000000000000000000000000000000000000000000000000000000000000000000000000000000000,,,,,,,InChI=1S/BN2.K/c1-3-2;/q-1;+1,UHOSXKCAHZLMIE-UHFFFAOYSA-N,77.9791597,BKN2,77.93,[B]N=[N-].[K+],[B]N=[N-].[K+],13.4,77.9791597,4,0,0,0,0,0,0,0,2,-1,59940102
364,1,10.8,1,0,0,00000371884000000000000000000000000018000000000000000000000000000000000000000018000000000008008000000000000000000000000000000000000000000000000000000000000000000000000000000000000000000000000000000000000000000000000000000000000000,lithium cyclopropane,lithium cyclopropane,lithium cyclopropane,lithium cyclopropane,lithium cyclopropane,lithium cyclopropane,"InChI=1S/C3H5.Li/c1-2-3-1;/h1H,2-3H2;/q-1;+1",YSQFBLFEYNOIBW-UHFFFAOYSA-N,48.05512859,C3H5Li,48.0,[Li+].C1C[CH-]1,[Li+].C1C[CH-]1,0,48.05512859,4,0,0,0,0,0,0,0,2,-1,11126171
365,1,13.5,2,2,0,00000371000300200000000000000000000000000000000000000000000000000000000000000004001000000000000000000100004000002000000020000000008000000000000000000000000000000000000000000000000000000000000000000000000000000000000000000000000000,sodium iminomethanamine,sodium iminomethanamine,sodium iminomethanamine,sodium iminomethanamine,sodium azanylidenemethanamine,sodium iminomethylamine,"InChI=1S/CH3N2.Na/c2-1-3;/h(H3,2,3);/q-1;+1",IGOYQYJBLTUIPT-UHFFFAOYSA-N,66.01939239,CH3N2Na,66.038,[C-](=N)N.[Na+],[C-](=N)N.[Na+],49.9,66.01939239,4,0,0,0,0,0,0,0,2,-1,129646904
366,1,8,1,0,0,00000371080000000410000000000000000000000000000000000000000000000000000000000010024000000040000000400000000000000000000000000000000000000000000000000000000000000000000000000000000000000000000000000000000000000000000000000000000000,lithium bromo(chloro)methane,lithium bromo(chloro)methane,lithium bromo(chloro)methane,lithium bromo(chloro)methane,lithium bromanyl(chloranyl)methane,lithium bromo(chloro)methane,InChI=1S/CHBrCl.Li/c2-1-3;/h1H;/q-1;+1,LVRDTLRLVCJVCD-UHFFFAOYSA-N,133.91102,CHBrClLi,135.3,[Li+].[CH-](Cl)Br,[Li+].[CH-](Cl)Br,0,133.91102,4,0,0,0,0,0,0,0,2,-1,11815407
367,1,8,2,0,0,00000371020020200000000000000000000000000000000000000000000000000000000000000812000000000000000000020200000000000000000000000000000000000000000000000000000000000000000000000000000000000000000000000000000000000000000000000000000000,,,,,,,InChI=1S/CH3BO.Na/c1-3-2;/h1H3;/q-1;+1,WRGVLBYCXVYREY-UHFFFAOYSA-N,65.0174642,CH3BNaO,64.84,[B-]OC.[Na+],[B-]OC.[Na+],9.2,65.0174642,4,0,0,0,0,0,0,0,2,-1,23718351
368,1,6,3,2,0,0000037108023000000000000000000000000000000000000000000000000000000000000000000000140C000000000000000000000000000000000000000000000000000000000000000000000000000000000000000000000000000000000000000000000000000000000000000000000000,lithium hydroperoxyazanide,lithium hydroperoxyazanide,lithium hydroperoxyazanide,lithium hydroperoxyazanide,lithium dioxidanylazanide,lithium hydroperoxyazanide,InChI=1S/Li.H2NO2/c;1-3-2/h;1-2H/q+1;-1,HNFOQHMXZMXDAA-UHFFFAOYSA-N,55.02455674,H2LiNO2,55.0,[Li+].[NH-]OO,[Li+].[NH-]OO,30.5,55.02455674,4,0,0,0,0,0,0,0,2,-1,158529849
369,1,8,2,0,0,00000371000021200000000000000000000000000000000000000000000000000000000000000013000000000000000000020000000000000000000000000000000000000000000000000000000000000000000000000000000000000000000000000000000000000000000000000000000000,sodium fluoromethanolate,sodium fluoromethanolate,sodium fluoromethanolate,sodium fluoromethanolate,sodium fluoranylmethanolate,sodium fluoromethanolate,InChI=1S/CH2FO.Na/c2-1-3;/h1H2;/q-1;+1,MTPBXFVKUIIPBJ-UHFFFAOYSA-N,71.99873713,CH2FNaO,72.014,C([O-])F.[Na+],C([O-])F.[Na+],23.1,71.99873713,4,0,0,0,0,0,0,0,2,-1,140440825
370,1,13.5,1,0,0,00000371084000000400000000000000000000000000000000000000000000000000000000000018020000000000038000400000000000008000000200000000000000000800000000000000000000000000000000000000000000000000000000000000000000000000000000000000000000,lithium chloroethylene,lithium chloroethene,lithium chloroethene,lithium chloroethene,lithium chloranylethene,lithium chloroethylene,InChI=1S/C2H2Cl.Li/c1-2-3;/h1-2H;/q-1;+1,QXRLWRULMWCDNG-UHFFFAOYSA-N,68.0005062,C2H2ClLi,68.5,[Li+].[CH-]=CCl,[Li+].[CH-]=CCl,0,68.0005062,4,0,0,0,0,0,0,0,2,-1,135046281
371,1,2.8,1,0,0,00000371004000000040000000000000000000000000000000000000000000000000000000000018000000000000008000000000000000008000000200000000000000000800000000000000000000000000000000000000000000000000000000000000000000000000000000000000000000,potassium ethylene,potassium ethene,potassium ethene,potassium ethene,potassium ethene,potassium ethylene,"InChI=1S/C2H3.K/c1-2;/h1H,2H2;/q-1;+1",GKHYNQZPAHFONE-UHFFFAOYSA-N,65.98718158,C2H3K,66.14,C=[CH-].[K+],C=[CH-].[K+],0,65.98718158,3,0,0,0,0,0,0,0,2,-1,18974580
372,1,15.5,2,1,0,00000371080220000000000000000000000000000000000000000000000000000000000000000006001000000000000000000000004000000800000010000000000000000000000000000000000000000000000000000000000000000000000000000000000000000000000000000000000000,lithium aminomethanone,lithium aminomethanone,lithium aminomethanone,lithium aminomethanone,lithium azanylmethanone,lithium aminomethanone,"InChI=1S/CH2NO.Li/c2-1-3;/h(H2,2,3);/q-1;+1",XHBAZGBMCUBJOM-UHFFFAOYSA-N,51.02964212,CH2LiNO,51.0,[Li+].[C-](=O)N,[Li+].[C-](=O)N,43.1,51.02964212,4,0,0,0,0,0,0,0,2,-1,129668209
373,1,32.5,2,0,0,0000037108420000000000000000000000000000000000000000000000000000000000000000001C000000000000008100000000000000001004000000000000000000000000000000000000000000000000000000000000000000000000000000000000000000000000000000000000000000,lithium acetonitrile,lithium acetonitrile,lithium acetonitrile,lithium acetonitrile,lithium ethanenitrile,lithium acetonitrile,InChI=1S/C2H2N.Li/c1-2-3;/h1H2;/q-1;+1,LTKCLJNDWMKKPC-UHFFFAOYSA-N,47.03472750,C2H2LiN,47.0,[Li+].[CH2-]C#N,[Li+].[CH2-]C#N,23.8,47.03472750,4,0,0,0,0,0,0,0,2,-1,10920438
374,1,2.8,2,1,0,0000037100003000004000000000000000000000000000000000000000000000000000000000000000000C000000000000000000000000000000000000000000000000000000000000000000000000000000000000000000000000000000000000000000000000000000000000000000000000,,,,,,,InChI=1S/K.H2O2/c;1-2/h;1-2H/q+1;/p-1,JAXLCNCZJFJWAK-UHFFFAOYSA-M,71.96136076,HKO2,72.105,O[O-].[K+],O[O-].[K+],43.3,71.96136076,3,0,0,0,0,0,0,0,2,-1,21526826
375,1,26.3,1,0,0,00000371084000000000000000000000000000000000000000000000000000000000000000000018000000000008008000000000000000008000004200000000000000000000000000000000000000000000000000000000000000000000000000000000000000000000000000000000000000,lithium allene,"lithium propa-1,2-diene","lithium propa-1,2-diene","lithium propa-1,2-diene","lithium propa-1,2-diene",lithium allene,"InChI=1S/C3H3.Li/c1-3-2;/h1H,2H2;/q-1;+1",GYALEKPSKJGUMV-UHFFFAOYSA-N,46.03947853,C3H3Li,46.0,[Li+].C=C=[CH-],[Li+].C=C=[CH-],0,46.03947853,4,0,0,0,0,0,0,0,2,-1,12585694
376,1,13.5,2,0,0,00000371004001200000000000000000000000000000000000000000000000000000000000000019000000000000008000000000000000008000000200000000000000000800000000000000000000000000000000000000000000000000000000000000000000000000000000000000000000,sodium fluoroethylene,sodium fluoroethene,sodium fluoroethene,sodium fluoroethene,sodium fluoranylethene,sodium fluoroethylene,InChI=1S/C2H2F.Na/c1-2-3;/h1-2H;/q-1;+1,JNFXKEQBVMNKFP-UHFFFAOYSA-N,68.00382251,C2H2FNa,68.03,[CH-]=CF.[Na+],[CH-]=CF.[Na+],0,68.00382251,4,0,0,0,0,0,0,0,2,-1,71417853
377,1,15.5,3,1,0,00000371020220000040000000000000000000000000000000000000000000000000000000001000000408000000000000000000000000000000000000000000000000000000000000000000000000000000000000000000000000000000000000000000000000000000000000000000000000,,,,,,,InChI=1S/BHNO.K/c1-2-3;/h3H;/q-1;+1,UNKWNLQPILCAIQ-UHFFFAOYSA-N,80.9788253,BHKNO,80.93,[B-]=NO.[K+],[B-]=NO.[K+],32.6,80.9788253,4,0,0,0,0,0,0,0,2,-1,172165965
378,1,2.8,2,2,0,00000371000300200000000000000000000000000000000000000000000000000000000000000000001800000000000000000000000200000000000000000000000000020000000000000000000000000000000000000000000000000000000000000000000000000000000000000000000000,sodium aminoazanide,sodium aminoazanide,sodium aminoazanide,sodium aminoazanide,sodium azanylazanide,sodium aminoazanide,"InChI=1S/H3N2.Na/c1-2;/h1H,2H2;/q-1;+1",FISGLHSNQHXMGY-UHFFFAOYSA-N,54.01939239,H3N2Na,54.027,N[NH-].[Na+],N[NH-].[Na+],27,54.01939239,3,0,0,0,0,0,0,0,2,-1,11789120
379,1,15.5,2,0,0,0000037108402000000000000000000000001200000000000000000000000000000000000000001A00000000000000A080020000000004000000000000000000000000000000000000000000000000000000000000000000000000000000000000000000000000000000000000000000000000,,,,,,,"InChI=1S/C2H3O.Li/c1-2-3-1;/h1H,2H2;/q-1;+1",YADCBRWMLIKJKF-UHFFFAOYSA-N,50.03439315,C2H3LiO,50.0,[Li+].C1[CH-]O1,[Li+].C1[CH-]O1,12.5,50.03439315,4,0,0,0,0,0,0,0,2,-1,129836041
380,1,8,2,0,0,00000371820020200000000000000000000000000000000000000000000000000000000000008812000000000000000000020200000000000000000000000000000000000000000000000000000000000000000000000000000000000000000000000000000000000000000000000000000000,sodium methoxyboranuide,sodium methoxyboranuide,sodium methoxyboranuide,sodium methoxyboranuide,sodium methoxyboranuide,sodium methoxyboranuide,InChI=1S/CH6BO.Na/c1-3-2;/h1-2H3;/q-1;+1,LEZUMKAVQRGKNC-UHFFFAOYSA-N,68.0409393,CH6BNaO,67.86,[BH3-]OC.[Na+],[BH3-]OC.[Na+],9.2,68.0409393,4,0,0,0,0,0,0,0,2,-1,135048829
381,1,8,1,1,0,00000371000200000042000000000000000000000000000000000000000000000000000000000014003000000000000000040000004000000000000000000000000000000000800000000000000000000000000000000000000000000000000000000000000000000000000000000000000000,potassium iodomethylazanide,potassium iodomethylazanide,potassium iodomethylazanide,potassium iodomethylazanide,potassium iodanylmethylazanide,potassium iodomethylazanide,"InChI=1S/CH3IN.K/c2-1-3;/h3H,1H2;/q-1;+1",WUSVEROILJQION-UHFFFAOYSA-N,194.89473,CH3IKN,195.044,C([NH-])I.[K+],C([NH-])I.[K+],1,194.89473,4,0,0,0,0,0,0,0,2,-1,58529206
382,1,2.8,1,0,0,00000371000030000040000000000000000000000000000000000000000000000000000000000000000004000000000000000000000000000000000000000000000000000000000000000000000000000000000000000000000000000000000000000000000000000000000000000000000000,,,,,,,InChI=1S/K.HO2/c;1-2/h;1H/q+1;/p-1,DUPSQGGNCHNYTQ-UHFFFAOYSA-M,70.95353572,KO2,71.097,[O-][O].[K+],[O-][O].[K+],24.1,70.95353572,3,0,0,0,0,0,0,0,2,-1,23676566
383,1,13.5,1,0,0,0000037188420000000000000000000000001600000000000000000000000000000000000000001C00000000000000C100040000020000000000000000000000000000000000000800000000000000000000000000000000000000000000000000000000000000000000000000000000000000,lithium azanidacyclopropane,lithium azanidacyclopropane,lithium azanidacyclopropane,lithium azanidacyclopropane,lithium 1-azanidacyclopropane,lithium ethylenimin-1-ide,InChI=1S/C2H4N.Li/c1-2-3-1;/h1-2H2;/q-1;+1,KOMWJKIXHXQICN-UHFFFAOYSA-N,49.05037757,C2H4LiN,49.0,[Li+].C1C[N-]1,[Li+].C1C[N-]1,1,49.05037757,4,0,0,0,0,0,0,0,2,-1,12368256
384,1,6,1,0,0,0000037188402000000000000000000000000000000000000000000000000000000000000000001A00000000000000A080020200000000000000000000000000000000000000000000000000000000000000000000000000000000000000000000000000000000000000000000000000000000,lithium ethanolate,lithium ethanolate,lithium ethanolate,lithium ethanolate,lithium ethanolate,lithium ethanolate,"InChI=1S/C2H5O.Li/c1-2-3;/h2H2,1H3;/q-1;+1",AZVCGYPLLBEUNV-UHFFFAOYSA-N,52.05004321,C2H5LiO,52.0,[Li+].CC[O-],[Li+].CC[O-],23.1,52.05004321,4,0,0,0,0,0,0,0,2,-1,23661847
385,1,31,2,0,0,00000371000220200000000000000000000000000000000000000000000000000000000000000006000000000000000000000000000000002800000010000000000000000000000000000000000000000000000000000000000000000000000000000000000000000000000000000000000000,sodium isocyanate,sodium isocyanate,sodium isocyanate,sodium isocyanate,sodium isocyanate,sodium isocyanate,InChI=1S/CNO.Na/c2-1-3;/q-1;+1,RVZHUQPIBHMAEX-UHFFFAOYSA-N,64.98775791,CNNaO,65.007,C(=[N-])=O.[Na+],C(=[N-])=O.[Na+],18.1,64.98775791,4,0,0,0,0,0,0,0,2,-1,11051568
386,1,4.8,2,1,0,00000371820200200000000000000000000000000000000000000000000000000000000000009000001000000000000000000000000000000000000000000000000000000000000000000000000000000000000000000000000000000000000000000000000000000000000000000000000000,sodium aminoboranuide,sodium aminoboranuide,sodium aminoboranuide,sodium aminoboranuide,sodium azanylboranuide,sodium aminoboranuide,"InChI=1S/BH5N.Na/c1-2;/h2H2,1H3;/q-1;+1",WESOTVJUEQLKSE-UHFFFAOYSA-N,53.0412736,BH5NNa,52.85,[BH3-]N.[Na+],[BH3-]N.[Na+],26,53.0412736,3,0,0,0,0,0,0,0,2,-1,139116698
387,1,4.8,2,1,0,00000371020020200000000000000000000000000000000000000000000000000000000000000800000008000000000000000000000000000000000000000000000000000000000000000000000000000000000000000000000000000000000000000000000000000000000000000000000000,,,,,,,InChI=1S/BHO.Na/c1-2;/h2H;/q-1;+1,BKDLJHHBAQLABJ-UHFFFAOYSA-N,51.0018141,BHNaO,50.81,[B-]O.[Na+],[B-]O.[Na+],20.2,51.0018141,3,0,0,0,0,0,0,0,2,-1,23717161
388,1,8,1,0,0,00000371000020200010000000000000000000000000000000000000000000000000000000000012004000000040000000020000000000000000000000000000000000000000000000000000000000000000000000000000000000000000000000000000000000000000000000000000000000,sodium bromomethanolate,sodium bromomethanolate,sodium bromomethanolate,sodium bromomethanolate,sodium bromanylmethanolate,sodium bromomethanolate,InChI=1S/CH2BrO.Na/c2-1-3;/h1H2;/q-1;+1,AXRIYDALCWUYCH-UHFFFAOYSA-N,131.91867,CH2BrNaO,132.92,C([O-])Br.[Na+],C([O-])Br.[Na+],23.1,131.91867,4,0,0,0,0,0,0,0,2,-1,23670955
389,1,13.5,1,0,0,0000037100402000000000000000080000000000000000000000000000000000000000000000001A00000000000000A080020000000000008000000200000000000000000800000000000000000000000000000000000000000000000000000000000000000000000000000000000000000000,cesium ethenolate,cesium ethenolate,cesium ethenolate,cesium ethenolate,cesium ethenolate,cesium ethenolate,"InChI=1S/C2H4O.Cs/c1-2-3;/h2-3H,1H2;/q;+1/p-1",SZKFTXFJRVCKQJ-UHFFFAOYSA-M,175.92384167,C2H3CsO,175.95,C=C[O-].[Cs+],C=C[O-].[Cs+],23.1,175.92384167,4,0,0,0,0,0,0,0,2,-1,101843487
390,1,6,3,0,0,00000371000201800040000000000000000000000000000000000000000000000000000000000000000200000000000000000000000000000000000000000000000000000000000000000000000000000000000000000000000000000000000000000000000000000000000000000000000000,potassium difluoroazanide,potassium difluoroazanide,potassium difluoroazanide,potassium difluoroazanide,potassium bis(fluoranyl)azanide,potassium difluoroazanide,InChI=1S/F2N.K/c1-3-2;/q-1;+1,WXDQHHFMCMFENW-UHFFFAOYSA-N,90.96358681,F2KN,91.102,[N-](F)F.[K+],[N-](F)F.[K+],1,90.96358681,4,0,0,0,0,0,0,0,2,-1,59815174
391,1,29.8,1,0,0,00000371084000000000000000000000000000000000000000000000000000000000000000000018000000000008008000000000000000004010000000000000000000000000000000000000000000000000000000000000000000000000000000000000000000000000000000000000000000,,,,,,,InChI=1S/C3H.Li/c1-3-2;/h1H;/q-1;+1,VKCCTPVVGLLIEU-UHFFFAOYSA-N,44.02382847,C3HLi,44.0,[Li+].[CH]C#[C-],[Li+].[CH]C#[C-],0,44.02382847,4,0,0,0,0,0,0,0,2,-1,162454502
392,1,2.8,3,2,0,00000371880300000000000000000000000000000000000000000000000000000000000000000004001000000000000000000100004000000000000000000000000000000000000000000000000000000000000000000000000000000000000000000000000000000000000000000000000000,,,,,,,InChI=1S/CH4N2.Li/c2-1-3;/h2-3H2;/q-1;,ZNMGALUYEVXERX-UHFFFAOYSA-N,51.05345157,CH4LiN2-,51.0,[Li].[C-](N)N,[Li].[C-](N)N,52,51.05345157,4,0,0,0,0,0,0,0,2,-1,101021057
393,1,6,1,0,0,00000371000000000642000000000000000000000000000000000000000000000000000000000000000000000000000000000000000000000000000000000000000000000000000000000000000000000000000000000000000000000000000000000000000000000000000000000000000000,,,,,,,InChI=1S/Cl2I.K/c1-3-2;/q-1;+1,VHDYDZPTAISCIH-UHFFFAOYSA-N,235.80588,Cl2IK,236.91,Cl[I-]Cl.[K+],Cl[I-]Cl.[K+],0,235.80588,4,0,0,0,0,0,0,0,2,-1,129740401
394,1,8,2,0,0,00000371000001200002000000000000000000000000000000000000000000000000000000000010002000000000000000000200000000000000000000000000000000000000000000000000000000000000000000000000000000000000000000000000000000000000000000000000000000,sodium fluoroiodanuidylmethane,sodium fluoroiodanuidylmethane,sodium fluoroiodanuidylmethane,sodium fluoroiodanuidylmethane,sodium fluoranyliodanuidylmethane,sodium fluoroiodanuidylmethane,InChI=1S/CH3FI.Na/c1-3-2;/h1H3;/q-1;+1,HPVRLRKBDFWGHQ-UHFFFAOYSA-N,183.91612,CH3FINa,183.927,C[I-]F.[Na+],C[I-]F.[Na+],0,183.91612,4,0,0,0,0,0,0,0,2,-1,58841526
395,1,3.2,1,0,0,00000371000000000058000000000000000000000000000000000000000000000000000000000000000000000000000000000000000000000000000000000000000000000000000000000000000000000000000000000000000000000000000000000000000000000000000000000000000000,,,,,,,InChI=1S/Br3.K/c1-3-2;/q-1;+1,HITYMLZBXBVJDE-UHFFFAOYSA-N,277.71667,Br3K,278.81,[K+].Br[Br-]Br,[K+].Br[Br-]Br,0,275.71872,4,0,0,0,0,0,0,0,2,-1,158491745
396,1,15.5,3,1,0,00000371000220000000000008000000000000000000000000000000000000000000000000000014000408000000000000040000001000002000000100000000000000000000000000000000000000000000000000000000000000000000000000000000000000000000000000000000000000,methanone oxime;rubidium(1+),methanone oxime;rubidium(1+),<I>N</I>-methanidylidenehydroxylamine;rubidium(1+),N-methanidylidenehydroxylamine;rubidium(1+),N-methanidylidenehydroxylamine;rubidium(1+),methanone oxime;rubidium(1+),"InChI=1S/CH2NO.Rb/c1-2-3;/h1,3H;/q-1;+1",WUFVVBISLDKFDZ-UHFFFAOYSA-N,128.92542842,CH2NORb,129.501,[CH-]=NO.[Rb+],[CH-]=NO.[Rb+],32.6,128.92542842,4,0,0,0,0,0,0,0,2,-1,58619450
397,1,6,3,2,0,00000371080230000000000000000000000000000000000000000000000000000000000000000000001408000000000000000000000040000000000000000000000000000000000000000000000000000000000000000000000000000000000000000000000000000000000000000000000000,lithium N-oxidohydroxylamine,lithium N-oxidohydroxylamine,lithium <I>N</I>-oxidohydroxylamine,lithium N-oxidohydroxylamine,lithium N-oxidanidylhydroxylamine,lithium N-oxidohydroxylamine,InChI=1S/Li.H2NO2/c;2-1-3/h;1-2H/q+1;-1,DVOHSJSGMGVLGG-UHFFFAOYSA-N,55.02455674,H2LiNO2,55.0,[Li+].N(O)[O-],[Li+].N(O)[O-],55.3,55.02455674,4,0,0,0,0,0,0,0,2,-1,140647104
398,1,4.8,2,2,0,00000371000220200000000000000000000000000000000000000000000000000000000000000000001408000000000000000000000000000000000000000000000000000000000000000000000000000000000000000000000000000000000000000000000000000000000000000000000000,sodium hydroxyazanide,sodium hydroxyazanide,sodium hydroxyazanide,sodium hydroxyazanide,sodium oxidanylazanide,sodium hydroxyazanide,InChI=1S/H2NO.Na/c1-2;/h1-2H;/q-1;+1,BFBFKJUPFPONLI-UHFFFAOYSA-N,55.00340797,H2NNaO,55.012,[NH-]O.[Na+],[NH-]O.[Na+],21.2,55.00340797,3,0,0,0,0,0,0,0,2,-1,20223730
399,1,4.8,2,1,0,00000371000220200000000000000000000000000000000000000000000000000000000000000000001400000000000000000000000000000000000000000000000000000000000000000000000000000000000000000000000000000000000000000000000000000000000000000000000000,,,,,,sodium oxidoamine,InChI=1S/H2NO.Na/c1-2;/h1H2;/q-1;+1,GHTRKWGYOKTOBK-UHFFFAOYSA-N,55.00340797,H2NNaO,55.012,N[O-].[Na+],N[O-].[Na+],49.1,55.00340797,3,0,0,0,0,0,0,0,2,-1,23688916
400,1,29,1,0,0,0000037100420020000000000000000000000000000000000000000000000000000000000000001C00000000000000810000000000000000A000002240000000000000000000000000000000000000000000000000000000000000000000000000000000000000000000000000000000000000,sodium vinylideneazanide,sodium ethenylideneazanide,sodium ethenylideneazanide,sodium ethenylideneazanide,sodium ethenylideneazanide,sodium vinylideneazanide,InChI=1S/C2H2N.Na/c1-2-3;/h1H2;/q-1;+1,HIVGCAOEHXTORC-UHFFFAOYSA-N,63.00849335,C2H2NNa,63.03,C=C=[N-].[Na+],C=C=[N-].[Na+],1,63.00849335,4,0,0,0,0,0,0,0,2,-1,101615927
401,1,6,2,1,0,00000371000030000000000000000800000000000000000000000000000000000000000000000012000008000000000000030008000002000000000000000000000000000000000000000010000000000000000000000000000000000000000000000000000000000000000000000000000000,cesium hydroxymethanolate,cesium hydroxymethanolate,cesium hydroxymethanolate,cesium hydroxymethanolate,cesium oxidanylmethanolate,cesium hydroxymethanolate,"InChI=1S/CH3O2.Cs/c2-1-3;/h2H,1H2;/q-1;+1",OPVHWLFDDQHXBW-UHFFFAOYSA-N,179.91875629,CH3CsO2,179.939,C(O)[O-].[Cs+],C(O)[O-].[Cs+],43.3,179.91875629,4,0,0,0,0,0,0,0,2,-1,142418848
402,1,4.8,2,0,0,00000371000021000040000000000000000000000000000000000000000000000000000000000000000000000000000000000000000000000000000000000000000000000000000000000000000000000000000000000000000000000000000000000000000000000000000000000000000000,potassium hypofluorite,potassium hypofluorite,potassium hypofluorite,potassium hypofluorite,potassium hypofluorite,potassium hypofluorite,InChI=1S/FO.K/c1-2;/q-1;+1,FGMDLONQELOFGF-UHFFFAOYSA-N,73.95702427,FKO,74.096,[O-]F.[K+],[O-]F.[K+],23.1,73.95702427,3,0,0,0,0,0,0,0,2,-1,22967321
403,1,4.8,2,0,0,00000371020001200000000000000000000000000000000000000000000000000000000000000400000000000000000000000000000000000000000000000000000000000000000000000000000000000000000000000000000000000000000000000000000000000000000000000000000000,,,,,,,InChI=1S/BF.Na/c1-2;/q-1;+1,GSIHRBDMFVUGBO-UHFFFAOYSA-N,52.9974776,BFNa,52.80,[B-]F.[Na+],[B-]F.[Na+],0,52.9974776,3,0,0,0,0,0,0,0,2,-1,153488305
404,1,4.8,1,0,0,00000371000020200400000000000000000000000000000000000000000000000000000000000000000000000000000000000000000000000000000000000000000000000000000000000000000000000000000000000000000000000000000000000000000000000000000000000000000000,sodium hypochlorite,sodium hypochlorite,sodium hypochlorite,sodium hypochlorite,sodium hypochlorite,sodium hypochlorite,InChI=1S/ClO.Na/c1-2;/q-1;+1,SUKJFIGYRHOWBL-UHFFFAOYSA-N,73.9535366,ClNaO,74.44,[O-]Cl.[Na+],[O-]Cl.[Na+],23.1,73.9535366,3,0,0,0,0,0,0,0,2,-1,23665760
405,1,6,1,0,0,00000371020000000043000000000000000000000000000000000000000000000000000000000000000000000000000000000000000000000000000000000000000000000000000000000000000000000000000000000000000000000000000000000000000000000000000000000000000000,,,,,,,InChI=1S/BI2.K/c1-3-2;/q-1;+1,DBKCCGJWSSBDCF-UHFFFAOYSA-N,303.78196,BI2K,303.72,[B][I-]I.[K+],[B][I-]I.[K+],0,303.78196,4,0,0,0,0,0,0,0,2,-1,20829522
406,1,4.8,2,1,0,00000371020200200000000000000000000000000000000000000000000000000000000000001000001000000000000000000000000000000000000000000000000000000000000000000000000000000000000000000000000000000000000000000000000000000000000000000000000000,,,,,,,InChI=1S/BH2N.Na/c1-2;/h2H2;/q-1;+1,WMBCESITMDFWIL-UHFFFAOYSA-N,50.0177985,BH2NNa,49.83,[B-]N.[Na+],[B-]N.[Na+],26,50.0177985,3,0,0,0,0,0,0,0,2,-1,139260950
407,1,15.5,2,0,0,00000371020020000040000000000000000000000000000000000000000000000000000000002002000000000000000000000000000000000800000000000000000000000000000000000000000000000000000000000000000000000000000000000000000000000000000000000000000000,,,,,,,InChI=1S/CBO.K/c2-1-3;/q-1;+1,ZESKRUXCIAYSGV-UHFFFAOYSA-N,77.9679263,CBKO,77.92,[B][C-]=O.[K+],[B][C-]=O.[K+],17.1,77.9679263,4,0,0,0,0,0,0,0,2,-1,23517219
408,1,6,1,0,0,00000371804200000040000000000000000000000000000000000000000000000000000000000014000000000000000000040200020000000000000000000000000000000000000800000000000000000000000000000000000000000000000000000000000000000000000000000000000000,potassium dimethylazanide,potassium dimethylazanide,potassium dimethylazanide,potassium dimethylazanide,potassium dimethylazanide,potassium dimethylazanide,InChI=1S/C2H6N.K/c1-3-2;/h1-2H3;/q-1;+1,HVFQFDANOBZEGL-UHFFFAOYSA-N,83.01373068,C2H6KN,83.17,C[N-]C.[K+],C[N-]C.[K+],1,83.01373068,4,0,0,0,0,0,0,0,2,-1,23696324
409,1,6,2,1,0,0000037180420020000000000000000000000000000000000000000000000000000000000000001C00100000000000C100040000004000000000000000000000000000000000800000000000000000000000000010000000000000000000000000000000000000000000000000000000000000,sodium ethanamine,sodium ethanamine,sodium ethanamine,sodium ethanamine,sodium ethanamine,sodium ethylamine,InChI=1S/C2H6N.Na/c1-2-3;/h1-3H2;/q-1;+1,RSRVPDPGOVAKHM-UHFFFAOYSA-N,67.03979348,C2H6NNa,67.07,[CH2-]CN.[Na+],[CH2-]CN.[Na+],26,67.03979348,4,0,0,0,0,0,0,0,2,-1,140659928
410,1,8,2,2,0,00000371800220000040000000000000000000000000000000000000000000000000000000000016001008000000000000060000004002000000000000000000000000000000800000010010000000000000000000000000000000000000000000000000000000000000000000000000000000,potassium hydroxymethylazanide,potassium hydroxymethylazanide,potassium hydroxymethylazanide,potassium hydroxymethylazanide,potassium hydroxymethylazanide,potassium methylolazanide,"InChI=1S/CH4NO.K/c2-1-3;/h2-3H,1H2;/q-1;+1",NWHFDMXVNHALIS-UHFFFAOYSA-N,84.99299524,CH4KNO,85.147,C([NH-])O.[K+],C([NH-])O.[K+],21.2,84.99299524,4,0,0,0,0,0,0,0,2,-1,145797293
411,1,4.8,2,1,0,00000371020200000040000000000000000000000000000000000000000000000000000000001000001000000000000000000000000000000000000000000000000000000000000000000000000000000000000000000000000000000000000000000000000000000000000000000000000000,,,,,,,InChI=1S/BHN.K/c1-2;/h2H;/q-1;+1,RZFCWSPCXNXDOW-UHFFFAOYSA-N,64.9839107,BHKN,64.93,[B-]=N.[K+],[B-]=N.[K+],23.9,64.9839107,3,0,0,0,0,0,0,0,2,-1,162457270
412,1,4.8,1,0,0,00000371000020200400000000000000000000000000000000000000000000000000000000000000000000000000000000000000000000000000000000000000000000000000000000000000000000000000000000000000000000000000000000000000000000000000000000000000000000,sodium hypochlorite,sodium hypochlorite,sodium hypochlorite,sodium hypochlorite,sodium hypochlorite,sodium hypochlorite,InChI=1S/ClO.Na/c1-2;/q-1;+1,SUKJFIGYRHOWBL-UHFFFAOYSA-N,73.9535366,ClNaO,74.44,[O-]Cl.[Na+],[O-]Cl.[Na+],23.1,73.9535366,3,0,0,0,0,0,0,0,2,-1,23665760
413,1,6,1,0,0,00000371884000000010000000000000000000000000000000000000000000000000000000000018004000000140008000000200000000000000000000000000000000000000000000000000000000000000000000000000000000000000000000000000000000000000000000000000000000,lithium bromoethane,lithium bromoethane,lithium bromoethane,lithium bromoethane,lithium bromanylethane,lithium bromoethane,"InChI=1S/C2H4Br.Li/c1-2-3;/h2H,1H3;/q-1;+1",QUMPBDAWKXGWRQ-UHFFFAOYSA-N,113.96564,C2H4BrLi,114.9,[Li+].C[CH-]Br,[Li+].C[CH-]Br,0,113.96564,4,0,0,0,0,0,0,0,2,-1,22606574
